Date,SQZ_On,RSI_7,J,K,Daily_Range,RSI_14,Volatilidade14,ATR_14,ATR_7,BBstd,Volatilidade30,Log_Retorno_t-1,JanelaMedia14,Upper_Shadow,Lower_Shadow,Real_Body
2019-07-05,0,77.90557412391088,96.88607725164573,90.00045461981351,0.48219398935971824,70.61532965649238,0.012667461147810352,0.4829542582368891,0.47861742669660906,0.6331530672552191,0.01308141734136492,0.011419351102920347,22.253319876534597,0.030908374532479854,0.10509366155555,0.3461919532716884
2019-07-12,0,48.18318637195674,49.26671773471628,70.82668730298968,0.6182010697302118,57.14626814392342,0.01145523833880887,0.46623380745563203,0.4910254943627531,0.6864844716251512,0.012178398762744512,-0.0013444297480340538,22.598985944475448,0.006184267539904198,0.0,-0.6120168021903076
2019-07-19,0,46.48095693211291,40.84628244141797,52.29124208138048,0.5440159024936015,53.22716456172154,0.013467072785594371,0.46365005720038865,0.4521695051130687,0.34802142362271904,0.013359241814468483,0.026299747091505506,22.70252582005092,0.1236386808032357,0.0,-0.42037722169036584
2019-07-26,1,51.423131287690545,37.73487828535619,49.860593600103904,0.6614754383483508,54.387695942805145,0.01626589876065835,0.5016253698286578,0.615552709892374,0.30447790559637616,0.01484721512925862,-0.031274107767087965,22.782450131007604,0.14218628493401653,0.2905542438992299,0.22873490951510433
2019-08-02,0,31.66287264812763,-6.426127052474271,16.583365300674927,0.38344961988254767,40.56484431350516,0.01933152939155964,0.5796003305398438,0.6990813863150228,0.5154479424619939,0.015739343111903382,0.0021524469083508088,22.47158649989537,0.12369451407381149,0.21646345323709326,-0.043291652571642913
2019-08-09,0,58.782674280779254,90.10452521908925,59.854546832702674,0.402005242973015,54.79409096865817,0.021035844504431665,0.638426977667851,0.6215615839408173,0.5541946143171103,0.01701407619761894,0.005420072452292884,22.332391602652415,0.0061843367117973,0.22883343428438607,-0.16698747197683161
2019-08-16,0,42.2596704674825,27.93276325164652,37.30173865972745,0.4618653816270353,45.104885168451695,0.02295131898841668,0.6304277759800441,0.5430823771904899,0.592838226132762,0.01906588090750059,-0.002853203538490357,21.96262128012521,0.0379621201072915,0.13919267047381467,-0.2847105910459291
2019-08-23,0,29.856404389624615,-1.264534423233414,16.017667225604185,0.6137097913826182,38.05483874558514,0.02065449888655021,0.5903845767711603,0.5084067692073363,0.583532058017177,0.019082861440201836,-0.015971698389230023,21.867756707327707,0.47451846838757206,0.10123053579257757,0.03796078720246854
2019-08-30,0,48.77668291952911,55.40837015689358,38.05308903860461,0.4934995904296535,46.0074210826529,0.011730471628442101,0.5279753146073498,0.5450181839953687,0.5384595833935223,0.018155039453096294,0.005293842079027036,21.482451847621373,0.018979732370628,0.10123187650834709,-0.37328798155067844
2019-09-06,0,69.1751942580894,91.83155786828178,57.519517312481824,0.6203118453611189,57.85901652624141,0.015882356061634892,0.5654547798300266,0.6066798024472823,0.46688462986580404,0.018927818082954396,0.028011665730218363,21.327330589294434,0.037977571579517644,0.0,0.5823342737816013
2019-09-13,0,68.10009803336416,91.39786212653422,76.12906391080404,0.569672971700534,60.134064411493405,0.01645113015252112,0.5867844132008633,0.6564805758886132,0.5979394712619848,0.018235626733335918,0.0062362715932696685,21.785518101283483,0.34180484544164713,0.0,0.22786812625888686
2019-09-20,0,46.61810331639621,51.10996013598236,61.26663908540799,0.303825939552528,50.1751553463956,0.017636916385974057,0.5850457351523859,0.5072804899235567,0.6322700660542764,0.016456884335483448,-0.01687890609140609,22.07215894971575,0.1392542196415718,0.08228585995547988,-0.08228585995547633
2019-09-27,0,61.11620216739887,58.00343146540041,54.53300683580675,0.42409220209713894,56.486197055966564,0.013389317114511303,0.5203910772038035,0.5244589245966037,0.5595798167857821,0.014674803235659107,0.028427151221209625,22.23627962384905,0.03164954393555064,0.3544637366498016,-0.03797892151178672
2019-10-04,0,32.98471062480506,6.638634584147667,22.155110280594158,0.46226621121343925,40.78351135058741,0.014499068258605849,0.5263403881533752,0.5661967142364414,0.4993730754911829,0.015771676303189718,0.00030070584656952804,21.889840262276785,0.031661759862238625,0.29129058220452464,0.13931386914667598
2019-10-11,0,52.35361094822903,36.423651863397026,26.276899286138363,0.43693662903594443,47.915287257171556,0.016161070896286402,0.5277698090513666,0.47402781129806215,0.6207428835763862,0.016334614319595302,0.007200629904251813,21.504232815333776,0.25329678909269404,0.006332087578368117,0.17730775236488228
2019-10-18,0,51.69537820764842,76.01930660981316,58.30311150679788,0.2976239959667595,50.07500897421198,0.014637328359326768,0.5056891321307952,0.46226651065277785,0.5290983278676045,0.014295975255313481,-0.006042722910198717,21.388667787824357,0.0,0.056991433263057445,-0.24063256270370204
2019-10-25,0,80.2557079413556,106.18599226718914,88.54889418842916,0.5002613634550386,67.81973965888557,0.011350491213441248,0.5183539529225547,0.5554428703443891,0.7750711989256269,0.01459683353952089,0.0046610456473260556,21.992961202348983,0.20896946573852304,0.13298177692038848,0.15831012079612705
2019-11-01,0,57.49432045860292,65.68824683737816,75.67895745503525,0.633505395086118,58.82552557552458,0.013857558760101736,0.5767216159553212,0.5880493636797536,0.938828311063585,0.014800887788327553,-0.017510636626802863,22.7042293548584,0.15837834249007088,0.2787404598680929,-0.19638659272795422
2019-11-08,0,48.863836801903574,50.000917095399444,63.9459179815087,0.48146436701082607,54.59752532911467,0.014369569395920033,0.5862952945227702,0.5601536334982785,0.6899636720319856,0.014478026536495391,0.005992808362931654,23.175356728690012,0.2660710142475118,0.15837832530249685,-0.057015027460817436
2019-11-22,0,48.06559752303838,16.476170297285464,21.74089773295251,0.3927732805816184,50.279096487530495,0.01074521519783949,0.4864402708715629,0.4389274546145856,0.3752498171573567,0.012482534430177076,0.010195755899449157,22.844630105154856,0.06334975736386639,0.031676207827949554,0.2977473153898025
2019-11-29,0,38.717249498588274,23.760519282782987,19.90016852694589,0.33575687996875203,43.455093216245665,0.010585833104012728,0.4611002022471773,0.4280680567895508,0.5001436993389958,0.0127414777563997,-0.002886014919915849,22.413846833365305,0.01900545750847371,0.23439621211811712,0.0823552103421612
2019-12-06,0,54.532767411164016,87.09266092460412,64.21521371347689,0.5260368345956188,52.767641118635616,0.014629271995128078,0.48041774075210625,0.509237190142322,0.44333498677052924,0.013013477327039828,-0.0013678831200066533,22.41056251525879,0.11408191149468294,0.0,-0.41195492310093584
2019-12-13,1,59.65774044972686,69.94572087635423,65.09943590309476,0.6471364068141661,55.85363314937016,0.01613037252534996,0.5493440069077818,0.5949438383550891,0.3957553205206887,0.013742378414524711,-0.00028095346642582414,22.550657272338867,0.038067473870782464,0.2854993984126608,0.3235695345307228
2019-12-20,0,58.72743584614878,83.1500432786986,73.97216683616506,0.25377870706369876,55.950902341703745,0.0167188009325673,0.5719962745607431,0.520174431713634,0.4563937405759134,0.013947178767962094,0.004922078823953901,22.89068385532924,0.04441160651703768,0.12688802240828778,-0.0824790781383733
2019-12-27,0,67.86094421559712,96.07221738958071,85.22016458480306,0.49486925356116984,61.322466180925694,0.014555705050695466,0.5363322316636856,0.4422991986102066,0.5203313504651389,0.01396944942322444,0.015086851133711133,23.039976528712682,0.1205465763661735,0.24743196453287197,-0.12689071266212437
2020-01-03,0,64.20243247083161,87.78909018431122,85.03172509589771,0.5014188260281429,61.127721131705435,0.01386249962088167,0.5197383448568169,0.4550569717342791,0.5007358619441428,0.014280770895022917,0.025162227240794203,23.243228912353516,0.387170183772799,0.03173617784727867,0.08251246440806526
2020-01-10,0,25.006408567996232,-19.715843307613213,22.00687771186094,0.5585387645623072,37.536521180655456,0.014455159422607892,0.538050778583007,0.6401455636487537,0.5653769703921779,0.015580196797531169,-0.020134210034466183,23.223165920802526,0.23483982945742454,0.019040095500347576,-0.3046588396045351
2020-01-17,0,38.14492397426782,2.6210288861185234,12.598389412324977,0.36178060678328094,42.2360523198432,0.013482681922899836,0.5308570055360963,0.4923477016798873,0.6965337580234154,0.01522559385282157,0.002019350520401946,22.796297890799387,0.22849322507291703,0.10789924559115249,0.025388136119211424
2020-01-24,0,41.18221021320549,22.381382300533794,15.837542917663699,0.4252515574326168,41.412337189971744,0.014578489593135301,0.5521920848410193,0.5240836449267913,0.8918131890080635,0.014574229957106367,0.02346147375550635,22.028760773794993,0.00634670028629003,0.1840636299352525,-0.23484122721107425
2020-01-31,0,30.714332554074772,15.778414996304711,13.52241382244334,0.5394989673029116,34.85045804356926,0.014450407100885946,0.49960172299151345,0.5648861552095349,0.7958393908060553,0.01445301349771408,0.014453595182370787,21.56769507271903,0.25388139696765677,0.17771697787735974,-0.10790059245789507
2020-02-07,0,52.969805876860775,53.071604150848074,33.660991035975684,0.7302431146016737,45.12405642260122,0.014309484949423381,0.5286973669803624,0.5079213686837011,0.4696203350535773,0.014092020444955857,-0.002401088588803729,21.246992928641184,0.2793972381520966,0.03174935308586768,0.4190965233637094
2020-02-14,0,45.481757314839115,62.63205350369324,58.695057079567896,0.46354481257663593,45.74982421295947,0.013683496197005748,0.5160892584205463,0.5460920096493648,0.4352319599663618,0.01435709591195191,-0.015580002776761543,21.38838972364153,0.08254880245809915,0.08889840289248951,-0.2920976072260473
2020-02-21,0,44.278977792769126,31.08552649000336,41.660931308178746,0.2944656267248753,45.395036185679544,0.01235527804277032,0.49165932928700024,0.4317825411202705,0.38975880488063414,0.013401778221248759,-0.003523869863414767,21.541141510009766,0.07852425865474899,0.15050379939696867,-0.06543756867315764
2020-02-28,0,44.21006459031604,19.272373416126115,28.707042931476824,0.837592004601408,43.538677707653456,0.020383994715293043,0.6255083825453946,0.7049247705634214,0.5075874713961299,0.016933122268443793,0.000643862423376952,21.41377149309431,0.05234950028758689,0.19630993961765952,0.5889325646961616
2020-03-06,0,24.720530717509902,7.88522617750295,18.586787172283564,0.6743163851465539,31.830534046399222,0.020428252783727882,0.6736797394030469,0.8032477591577794,0.70511930480613,0.017873087670087932,-0.03477538784894195,20.85132953098842,0.31424436897325947,0.18330921523440225,0.17676280093889218
2020-03-13,0,35.35237504731991,27.643221478878296,21.313242947314844,2.311006374749045,33.77535059544813,0.053048156016513366,1.237370679209673,1.6871931949101946,1.8095579202116225,0.03785180493598128,-0.10336626619187139,19.368155547550746,0.15712080283602248,1.6759712551836472,-0.47791431672937534
2020-03-20,0,26.699723400056968,9.845547260092758,15.398923765716432,1.5515840286315434,28.36222620098117,0.05996587055680039,1.6497842572786976,2.120214997634729,2.4738635173543164,0.04432489932020104,-0.025919712482932778,17.438237530844553,0.3797126456170794,0.2946051361663784,-0.8772662468480856
2020-03-27,0,41.653629723722,40.35178676123198,29.561865229217627,0.9885600621621933,38.03237714805151,0.07136491983629581,1.8321578664208504,1.487049460405948,2.4377449625161733,0.05101439772823922,0.027169565927751802,15.696329525538854,0.6546753104443699,0.3011513295867978,-0.03273342213102559
2020-04-03,0,32.15981759380436,11.726006725207,22.744715803009164,0.9629989006042194,34.10213544911643,0.05553251762263235,1.4027728792850667,0.9528126543801692,1.644104827008038,0.053754129473100896,0.004662664577305832,14.879449026925224,0.03930537632158426,0.4258167193083615,-0.49787680497427367
2020-04-17,0,49.08069272271343,64.12549966314685,64.56987541886357,0.6551024354136921,45.4127535085504,0.043110303015438875,0.8821916487011171,0.7402653898247534,0.7412027799449035,0.05757215554101746,-0.025537219233419537,15.035490240369525,0.11136821120598839,0.39961267802647704,-0.14412154618122663
2020-04-24,0,29.14140500854448,15.005698418931289,39.07206422970056,0.9498979379206016,36.94046663680262,0.03737234552143126,0.8113901363515631,0.6878552412532267,0.7192645720880929,0.054909901316086814,-0.014407804162505882,14.935852187020439,0.05240810521802253,0.33410201437954257,-0.5633878183230365
2020-05-08,0,49.10011984042093,44.07482096018002,44.41817167429612,0.5703153712662967,46.59687131054052,0.03866953721709995,0.7767098469013881,0.7560693782268589,0.600437888583736,0.0412223680357863,-0.03663415172999434,14.654294490814209,0.2949908515547204,0.07866395200843002,0.19666056770314633
2020-05-15,1,43.61199302734016,33.56200719588867,39.52121174178477,0.747309787643303,44.437091582121674,0.03914297165433073,0.7979427060049922,0.7819576511168036,0.47836877791571764,0.038859996483793895,0.04304122319396354,14.59263869694301,0.17699565397846762,0.0,-0.5703141336648354
2020-05-22,1,58.386458512137686,86.92908022115384,62.60018936695961,0.7473082930939494,51.89081799238865,0.03581599365228194,0.7491798735467106,0.7857028935662199,0.46022489266919814,0.036008324441571635,0.05581959072981745,14.526157651628766,0.25565820885037205,0.25565820885037027,0.2359918753932071
2020-05-29,1,52.25680666345926,70.58443164566611,68.94216607407989,0.38676470634406357,51.062478431126316,0.03608777013713136,0.7046990592485135,0.6770731610133173,0.4802718871846254,0.035774004234031626,-0.017857350081100065,14.805695329393659,0.07866393813622174,0.2163254860336341,-0.09177528217420772
2020-06-05,0,80.85485460982412,91.53407786757649,84.97651425095117,0.9970603685425914,68.14193380361725,0.03336847139446807,0.7784476299505884,0.8461103555899742,1.098202291406216,0.03741218308419159,0.028523771670546844,15.685228211539131,0.3542176380757631,0.05247816532738625,-0.590364565139442
2020-06-12,0,53.87033588527606,57.97623231574124,72.80854060219588,0.49197057001714484,57.16455634508267,0.03396572840708935,0.8207414079491037,0.9258422479593398,1.4029355526152634,0.035059807050403353,-0.044500514167911155,16.61191313607352,0.20334803745867092,0.1902281433028854,0.09839438925558852
2020-06-19,0,70.07730167313227,85.80487786206274,75.66304027051207,0.4329343751888288,64.58178885454518,0.030189609332048985,0.8382249577050597,0.738423884665813,1.2438851230054564,0.03261241849027377,0.03848085004256374,17.399357523236954,0.09183510659719474,0.33454001133767264,-0.006559257253961448
2020-06-26,0,42.1981198860573,8.103129237708046,36.09358350951175,0.44605287473170563,50.472901350383125,0.028521102002198925,0.7281165329848357,0.7140593233760565,0.9570052172353122,0.032748438274672574,0.011925084722487437,17.54085717882429,0.33454000011387564,0.11151287461783,0.0
2020-07-03,0,53.3352759787945,37.097151324385166,37.391207870200944,0.32161092225738486,54.14942345300957,0.026597797344282553,0.6459525191456227,0.5394246449816354,0.5383493649209007,0.02954362403859698,0.0170954543014592,17.394045693533762,0.12470621977035279,0.12470759684187271,0.07219710564515935
2020-07-10,0,57.490031770556,72.733296071656,58.087088726551954,0.45287904967324977,56.07978640244551,0.02861263950750853,0.609537244787041,0.5982165375672197,0.47550109989318623,0.029730969065127146,0.0003713257812696562,17.380912235804967,0.07219850851950582,0.21659414848651082,0.16408639266723313
2020-07-17,0,55.30497425984996,78.79634110086758,69.94781732035125,0.2625387606658336,55.162388733488754,0.0255983303165324,0.5430985054868314,0.43881472470387806,0.4411728069185315,0.026736075356656203,-0.01690564260920708,17.60253347669329,0.1181417537636662,0.0721985034510837,0.0721985034510837
2020-07-24,0,40.516570617045446,6.215728420906743,38.256904776045296,0.5053881628309291,48.71473857467228,0.020121396446633525,0.4983553724003108,0.4481917402888814,0.3990941595005646,0.02445646980441599,-0.021281525139161064,17.73403835296631,0.2691018937983145,0.15752326130710514,0.07876300772550948
2020-07-31,1,43.833035960613586,49.9607390434456,58.198913101921406,0.7810526868346948,49.568038820863336,0.02240786491668782,0.5433621411583032,0.6141542759830223,0.34266966471970045,0.025133209038647426,-0.017113001409083145,17.929536410740443,0.02625386025435006,0.06563396210033545,-0.6891648644800092
2020-08-07,1,33.86875441717406,-7.319294367685373,19.385933213191464,0.6895500907144694,42.05792704955935,0.027701506668181827,0.6719741062184684,0.7522974748769086,0.501423937862861,0.02610516220492519,0.013926547780132423,17.6497768674578,0.5385056670287511,0.052537071034958416,-0.09850735265075983
2020-08-14,0,31.54550892828614,-1.5210422846232845,8.192526239432816,0.5516392064863993,39.06164566719359,0.022986947440680014,0.6519265901446859,0.5844749996912267,0.7245117016593428,0.02460785062561513,-0.028964779112648727,17.19128050122942,0.3152224037065139,0.13134266821104745,0.10507413456883796
2020-08-21,0,27.877260668777012,16.376781113454456,12.61694370846811,0.2830073381122933,36.32868026558794,0.01998717487678139,0.5659295286893732,0.46107480659271616,0.9014060741920679,0.02098059140749155,0.0,16.39683403287615,0.1053049275890281,0.06581488930957491,0.11188752121369028
2020-08-28,0,47.6465427754092,33.610689210616194,24.636461474254638,0.269844686207362,43.19718535900783,0.014653442518376402,0.46682455596205913,0.4165174115728839,0.6300059726225024,0.02125749486751691,0.016260623040639938,16.05750458581107,0.08556121753368728,0.0987236320059619,0.08555983666771283
2020-09-04,0,60.105165355968566,84.555604262153,54.4394767052397,0.48734752229317024,50.65334260611613,0.017946790141911036,0.4577556029643532,0.5112168040442153,0.3753673739272127,0.022745400937663564,0.023999446310649153,15.975456442151751,0.08561577746872828,0.27001675842622674,-0.13171498639821522
2020-09-11,1,34.76433050452093,11.601445512178046,29.9399874750645,0.42148925274917026,39.613651497549775,0.020206276056217394,0.4869847760390017,0.5052223167133622,0.23715091271878477,0.020431313209228717,-0.02151453080843051,15.969410828181676,0.07903035755928478,0.1317149596884164,-0.21074393550146908
2020-09-18,1,29.0908105353423,-0.9297216875569632,15.031798175444251,0.388559439336122,36.54100208980417,0.01981268667397734,0.48285082828125286,0.4337194714056883,0.2979080553900731,0.01710070457884679,0.001267159878807018,15.834272044045585,0.07902896825076589,0.046100576916137115,-0.263429894169219
2020-09-25,0,38.74688375653141,17.620662180761506,16.758605191351442,0.23708693229531086,39.22302765954503,0.015769148218868687,0.42995542951739363,0.40361184690352175,0.4523831514683347,0.017191552158943003,0.02417158811237368,15.477465561458043,0.04610058227176417,0.12512817795727393,0.06585817206627276
2020-10-02,0,37.61344435759246,18.06839420189828,15.917433786047745,0.6458357871343452,38.092710116350624,0.014071241846291854,0.43046980189753714,0.468617886590272,0.5261781972521185,0.0169740434409469,0.0015551289549383806,15.125602926526751,0.4810812518854082,0.013180971193703428,0.1515735640552336
2020-10-09,1,71.20313053065559,92.12776839914812,57.69636743304079,0.6721952211737197,56.83056579736139,0.020377466636145578,0.5016426510178095,0.5526313002511577,0.36700001667488313,0.01953054064960191,0.05860176290949996,15.10056209564209,0.40199972641505255,0.2042947615987014,0.0659007331599657
2020-10-16,1,43.880718154950216,48.96102105814717,51.86326979112736,0.2372437490928938,45.56448276688247,0.018755315741046198,0.461710773891799,0.45377885390050693,0.3406032445153751,0.017461535125954677,-0.008900389136137984,15.223469121115548,0.026359187527432937,0.013179593763716468,-0.1977049678017444
2020-10-23,0,73.72961312561706,94.3531760985853,78.49510984008185,0.5865223109797988,65.59167063434225,0.023941669100025625,0.5356850861605356,0.5733431807438537,0.6237478056355605,0.020022759857954812,0.05012992610047412,15.717974594661168,0.26360568838060416,0.019769389627409595,-0.30314723297178503
2020-10-30,0,38.280986484534395,6.029093233095679,38.29508553980638,0.46131077057290604,45.507226342118216,0.024990689203465786,0.5625162308065544,0.6910239872850793,0.640605723636622,0.02230084964080034,0.0050336112660240295,15.96275281906128,0.18452403169545128,0.164753254060944,-0.11203348481651076
2020-11-06,0,66.29258323454587,81.68267237087451,63.78517264229426,0.3692839187941708,61.13778723304292,0.027226825354645448,0.673963962769814,0.6512547078439156,0.6058708359461998,0.022743903693187295,0.023325218703347344,16.25385114124843,0.17145393978768197,0.05934885534672674,0.13848112365976206
2020-11-13,0,72.6726944406853,96.32485115052083,84.95674302286167,0.4022567338873273,69.21322360922082,0.03294928686389494,0.7433622641809537,0.7715399018937694,1.2337965071965993,0.02731282448577707,-0.02474559153719099,17.11435971941267,0.0857262778972192,0.11869909394031808,0.19783136204979002
2020-11-27,0,58.37943649038546,62.65709008136176,76.16532010283436,0.5868984844541387,62.801353348001264,0.029320810887697335,0.6839303324821423,0.5652330675268905,1.460873366724487,0.027328834052161785,-0.021344086670601368,19.01860863821847,0.4879828385453635,0.0395668117841943,-0.05934883412458092
2020-12-04,0,70.80706882766584,71.20835956194125,71.88906896084941,0.5014357781281014,67.9712746375848,0.01966041601603583,0.6093821985552087,0.6497673016563529,0.8217487714133199,0.027231854860572606,-0.0006677852614954826,19.348940304347447,0.09896766064524343,0.3760768335960769,0.026391283886781025
2020-12-11,0,76.37977800656836,94.01314238118948,83.42005853706746,0.44295222631418696,71.62419094960492,0.017903191146593642,0.6272641955107873,0.5671657534306321,0.629609467351707,0.02345353298103505,0.03253552223679907,19.767899649483816,0.11900269103420769,0.23800399497750035,0.08594554030247892
2020-12-18,0,72.09210466753056,87.81238139336304,84.85185606385309,0.4032857209195946,70.15989132157785,0.014839307451697899,0.5829517098263349,0.5169611451880662,0.7207761218078639,0.02243581763062507,-0.0012604774925480612,20.344059535435267,0.26445035797732075,0.0991687108550714,-0.039666652087202436
2021-01-08,0,69.91587797894334,82.72231247334028,70.17987590882916,0.6680513293607859,67.1232084266536,0.017782914040425053,0.5701170241493602,0.6736698830277555,0.47095915462534294,0.017277288619700484,0.038185835068362976,20.978155953543528,0.33733267085803575,0.257960359347269,-0.07275829915548115
2021-01-15,1,43.91218368628603,43.24885485015932,54.44031537999932,0.687893519987238,51.22983105261082,0.022787517801616895,0.649570470209086,0.746478064899882,0.40450029604534926,0.01897526501056488,0.02926740981742743,21.094600949968612,0.22488896002439418,0.006614013831747201,-0.45639054613109664
2021-01-22,0,24.079171300916315,-9.696099029608853,15.86273544439873,0.3241046230672815,37.57591496665131,0.022132043768284565,0.6959265585680158,0.6718310185749198,0.6120539423440964,0.0184800117530057,-0.013614864450759712,20.75682599203927,0.13228717643081822,0.17858803511886379,0.013229411517599488
2021-01-29,0,31.435146715215964,8.536739960631508,13.728248905362701,0.8348408060638945,37.261170611672405,0.022815938717012586,0.7284988569223542,0.7785532906239955,0.9647091704637727,0.020783341070647554,0.039561161353015045,20.117883273533412,0.21864825296656676,0.03312822830033468,-0.5830643247969931
2021-02-05,0,33.09400609049007,3.8498099300179263,9.749738109670448,0.3712366204432911,37.7749187957328,0.020584097609956192,0.6814763856099866,0.6613687194730856,1.1364818292375074,0.021156001585118225,-0.004246036244597218,19.295783587864467,0.09280985054490287,0.12595423878499545,-0.15247253111339276
2021-02-12,0,35.09184620324038,21.298179200730104,15.945380583530799,0.46404622790440797,37.71867821701685,0.020774233975367658,0.6549717763271161,0.4971921106640248,0.9353948336087733,0.020707574605068384,0.0,18.69914068494524,0.2253942397766231,0.08617953688484192,0.15247245124294295
2021-02-19,0,35.327503095459505,26.05536366652983,22.17141077333016,0.5701125854496922,37.87765103282295,0.015531293253737215,0.5580069774108966,0.521814565837183,0.6010868887980235,0.02058595708749432,-0.007140801173707081,18.59475122179304,0.20550490693502965,0.185618277497003,-0.1789894010176596
2021-02-26,0,31.15289045104086,11.15245316104749,18.73865122988922,0.5866884621305992,34.15916634123023,0.029359084022765856,0.641378733109989,0.7893536918775997,0.6493248325970482,0.02566899349900347,-0.0317848940114745,18.07531452178955,0.12667281896318272,0.026667593789014177,-0.4333480493784023
2021-03-05,0,62.25762349254895,89.48470857942536,54.86742015503354,0.8672067164996626,51.72725892712024,0.03512952100059842,0.8221638932624515,0.9141640339522511,0.6780634003921767,0.027806538033307394,0.030877027646366517,17.722526141575404,0.12674584464737393,0.14008677587650098,0.6003740959757877
2021-03-12,1,54.62131698637653,94.788145049604,76.50422202156406,0.3001864692601899,49.15712914591542,0.029140464317119127,0.8179253378773784,0.708059425195228,0.6026413227609694,0.027539954088567093,0.0014625636831261805,17.70224094390869,0.220138050412519,0.060037013933101235,0.020011404914569653
2021-03-19,0,65.40167064765788,96.1663375200655,87.20176399496478,0.5536780811865363,55.99067270166266,0.021562072557183308,0.7542791151286447,0.560349269396691,0.6370455706619185,0.02627340404653008,0.005699653227094305,18.125098092215403,0.22680704554976217,0.3068582376193696,-0.02001279801740452
2021-03-26,0,59.35326335699023,57.99639804082733,65.79676216619261,0.4143488590759823,54.53015778851055,0.017009433910876445,0.5618327008305882,0.5271030106231146,0.6426477019560809,0.02692004638584494,0.017512960946731118,18.427263941083634,0.026732229687564057,0.020048120643735956,0.3675685087446823
2021-04-09,0,34.65061996139262,-12.69399855976858,16.959032075892132,0.32764653407721056,42.902934154980386,0.01624415878018468,0.4681099209561044,0.4450973658949933,0.37314426563388114,0.020287326317462058,-0.007840324180731327,18.389582770211355,0.2340328377937908,0.020060278191412095,0.07355341809200766
2021-04-16,0,64.4625962789757,75.77839845883696,53.16254504246936,0.4078847017933036,55.42522092467309,0.015034038735091314,0.4560691464905062,0.4279443015492705,0.35638003343408464,0.017785650667556687,0.0,18.35076904296875,0.1002999538077205,0.0,0.3075847479855831
2021-04-23,0,52.70014992008505,65.86216658397336,55.94022070499533,0.3343327403694545,50.99227073549191,0.011061931300463136,0.3992881294247704,0.41552743089074945,0.3134376116735453,0.015437033621826779,0.0003649541403529176,18.266964231218612,0.24740676098086922,0.03343285316262268,0.053493126225962584
2021-04-30,1,51.343568218257424,53.84577107157055,56.0935563049795,0.42883900887658655,50.99145053323743,0.01800546865616898,0.4710603164581913,0.5046238783510546,0.267551080987172,0.016587812619846497,-0.032057407430456784,18.412329265049525,0.04020436000476124,0.15411296443114963,0.23452168444067567
2021-05-07,1,53.573970871901494,51.66875801507081,49.82494178791049,0.308396854221332,51.9248460043853,0.022314959833392226,0.5162839415955158,0.5951535822681474,0.2701347114618564,0.018565041975574865,-0.006207749812785784,18.39088957650321,0.04693020070532228,0.11397213890269242,0.1474945146133173
2021-05-14,1,69.18932921005583,100.17528669263493,79.54210409069381,0.5631580344122789,61.44317646319753,0.024371707852529685,0.5654533569743779,0.4396073348119093,0.332893949056783,0.018994637760778386,0.02860367234639633,18.580573763166154,0.120676018353997,0.21453639406182035,0.2279456219964615
2021-05-21,0,74.01963054140516,96.09361026550172,88.95887156465065,0.3620309155866721,64.36775902069243,0.018638896187617635,0.5214957785913784,0.5085667001203323,0.5406695742554956,0.01749759095597936,0.005477542352981514,18.9548853465489,0.03352096429899376,0.26146661607795707,0.06704333520972128
2021-05-28,0,68.03591155072766,90.314590944077,87.16571735434566,0.496941497323121,63.328966160390586,0.012538712212392956,0.445077439244191,0.3969136069816455,0.5899538686756218,0.01753148745862964,-0.008539433613959512,19.4134065083095,0.07386992955306226,0.04029179224148649,0.38277977552857223
2021-06-04,0,87.86619032581339,100.79421029514145,94.16013107562748,0.6315704793843615,77.7935847990741,0.014379051851264299,0.486876989341793,0.5455428083226737,0.8377596151988268,0.019079238346268793,0.03278985574192038,19.95810236249651,0.06718897872208274,0.087345813305447,0.4770356873568318
2021-06-11,0,72.29835889266201,72.13180752947909,82.63334024281266,0.5307876971907248,72.30004802599133,0.01643456358899253,0.5952189832760754,0.7534689382782344,1.1792991473900698,0.016819406282516904,-0.0036145261538474156,20.897103445870535,0.07390604138886658,0.26203461122926797,-0.19484704457259028
2021-06-18,0,51.87155147750452,59.20682557750388,70.79036830279716,0.5979766648644755,61.68399393703941,0.017670138924317798,0.6831475730359655,0.6258110924135961,1.1548235265601936,0.014698706206222377,-0.011784261289234934,21.73038605281285,0.1478148999742075,0.1478148999742075,-0.30234686491606055
2021-06-25,0,27.202734584150974,-13.24153719780152,22.993522930520758,1.021261752274377,45.39227556258437,0.013001797549367174,0.6584453903711042,0.6632448197529486,0.8548689966623848,0.015400326993959481,0.00031391587910311285,21.81796795981271,0.10078135251335496,0.12765807145115105,-0.792822328309871
2021-07-02,0,28.82030746880578,1.75612623069269,10.680998124622821,0.35627682285281637,40.85202861857983,0.012838684657147723,0.5648901531123806,0.518366549980045,0.8232094684586,0.015549141833067366,-0.003194566700681269,21.123532703944615,0.060499545123111176,0.20838747879930963,0.08738979893039556
2021-07-16,0,27.5554633055944,12.931767016763516,15.47968650739293,0.5176098617797535,36.02986140456576,0.009918930899886312,0.46570390846627496,0.5358533548068328,0.7959041149112354,0.012863556798940466,-0.012108690489453957,19.987287385123118,0.013443715963944669,0.03361070028712021,-0.47055544552868867
2021-07-23,0,34.43601932793865,23.17178175200037,22.032375658968252,0.35627683187422576,38.18588081323664,0.009913473028536712,0.45134714230291245,0.41485679719589136,0.44543444652657455,0.0110909978087457,-0.010256276304815432,19.778201511928014,0.0806665323325042,0.1478893477982659,-0.12772095174345566
2021-07-30,1,59.31521082429977,85.65780686716761,62.097427118361004,0.6923880271357916,53.39354828449305,0.013377189718051692,0.5156904977969621,0.5396989734425094,0.33358964477996894,0.012887003612274187,-0.005209851792193262,19.93473325456892,0.46383357762138644,0.16133305037859813,-0.06722139913580705
2021-08-06,1,63.22220729079386,69.42757596355617,62.81217608723977,0.7330849063879121,57.3859757129114,0.015861077335914776,0.5904836843307911,0.6825618707877277,0.42041778139483954,0.0145456260412831,0.0030047830413895203,20.163542202540807,0.13451079781304287,0.11433523644791421,0.48423887212695504
2021-08-13,0,55.626069782115415,65.26872754722794,66.59310126808201,0.551493519207753,54.42576292104464,0.017554505824902564,0.6328317536728056,0.5707103066539548,0.5005143655167275,0.014219582520164227,-0.01891743211599286,20.531162398202078,0.10760862921864955,0.20176547424714286,0.2421194157419606
2021-08-20,1,38.680692473849746,13.05000339646952,33.547424635982225,0.49262578627986287,45.60328120893976,0.015501391352758064,0.6204831798414886,0.6058827868204472,0.3518500734088673,0.01403522962224317,-0.01295949030109698,20.488396099635533,0.09447553814809595,0.2699321316398873,0.12821811649187964
2021-08-27,1,56.58405232441001,80.52801329568537,64.94688098597439,0.5128711991735493,54.434646418395474,0.015441506449146816,0.5552315635761088,0.517691826250171,0.2687648035510574,0.01523634153761041,-0.02449888920177398,20.529137883867538,0.06748234459676539,0.21594576807307675,0.22944308650370715
2021-09-03,1,37.72734857118533,24.75871445916053,47.4846487767586,0.6008904042987027,44.5560041736279,0.016546122335112434,0.549330083148129,0.5452983543364637,0.2892754805743327,0.0167233473934474,-0.036724807821460974,20.51265321459089,0.02025368226165014,0.3375797860414451,-0.2430569359956074
2021-09-10,0,33.319069720960485,0.9877822304663795,23.617998844413197,0.7224192241745087,39.575396794812285,0.021665672464466604,0.5778732241421388,0.7065015443642848,0.4501633333844555,0.01798128804120908,0.013144188040235915,20.350050245012557,0.1080266681335722,0.14853401267334476,-0.4658585433675917
2021-09-17,0,24.703080258569543,-5.792748244643974,9.546284438948538,0.4591073453224439,33.918610366709444,0.01910584115180641,0.5461254719192075,0.48418556269981494,0.6446625748868273,0.01790198854065848,-0.0007017510770154151,19.868961061750138,0.02025367341886053,0.0,-0.4388536719035834
2021-09-24,0,47.20164664377541,51.50402000185049,31.74462403740594,0.27681443438691034,43.81274173152126,0.02160834613065955,0.5401262895257111,0.494793581351828,0.8008181613087022,0.018558783338160367,0.034009511501185384,19.235267094203405,0.12152915201086856,0.027004904292134313,-0.12828037808390746
2021-10-01,0,64.73993855249843,104.46937352373209,72.677363214606,0.6282235058835575,55.17846699842227,0.020486121848849865,0.518207045507746,0.6023833463506537,0.5483062750973955,0.020192098092781573,0.0010375896572432381,19.187301499503,0.1351016006297634,0.1215921492035612,0.37152975605023286
2021-10-08,0,30.00508169492538,-0.3494693237241506,21.668029584406273,0.4863660602358131,33.43730286073891,0.05797629289751304,0.8179228380665704,1.0465290618821308,1.1956630430650352,0.04121923845506249,-0.021419353794211664,18.341618401663645,0.466101870681797,0.0202641895540161,0.0
2021-10-15,0,38.36879155869915,4.603362687930897,12.764198624659873,0.5336518535976502,36.74055729145386,0.056967697260089885,0.8097951146935048,0.5124222071569997,1.36925861172743,0.04126789066734214,-0.004958648600514994,17.64478370121547,0.0743062592814212,0.09457044313397844,0.36477515118225057
2021-10-22,0,30.71836126093143,21.930215114712063,17.832222134120542,0.9186922331618419,33.65423721498567,0.055975667395136076,0.8183309076690121,0.6118181227168097,1.4413048255803502,0.04102119751274527,-0.02061937900558741,16.55430725642613,0.10132654724722556,0.42557036461960607,-0.39179532129501027
2021-10-29,0,31.631851645455228,29.80492183403679,29.441548722947694,0.5674267938039304,34.43993656563747,0.019891662841607555,0.5317215596435217,0.5809373140280949,1.064565663571018,0.04131810626748431,-0.0020927184371106484,16.333319459642684,0.1351016175723636,0.006754726560187052,-0.4255704496713797
2021-11-05,1,33.64655677626463,17.269258743817176,29.008651514965003,0.6827800195438662,35.84447133942329,0.025802656270346967,0.6205595693496707,0.6563210777187495,0.39900623174840527,0.042621877282305605,-0.05420321852233048,16.207469872065953,0.03380065403331223,0.22984614944426163,-0.4191332160662924
2021-11-12,0,40.747150435549216,22.743878990846426,23.074749406980715,0.4326529097195042,38.80726065265262,0.022441607752488508,0.5714811792897914,0.6258015768398033,0.49905875442359277,0.04155940508499589,-0.002166790194402213,15.833369731903076,0.25012710884455913,0.16224484114481363,-0.020280959730131443
2021-11-19,0,29.52191572029824,4.822196083258689,13.461647398446942,0.2636480568426478,34.40326756440891,0.021795321523512202,0.5696444578801808,0.47707730184987923,0.5011568612395767,0.01984552371465023,-0.016769880410557682,15.58721739905221,0.05408157994991569,0.1284441069678568,-0.08112236992487531
2021-11-26,0,51.219482676287555,79.80197330540477,50.15128605629083,0.32838890798365483,44.78297654828997,0.014314939975863764,0.46938079379984604,0.4433351081364939,0.4009300860476853,0.02063596812924871,0.009073288242822702,15.441045352390834,0.10262189259281129,0.19156019632379895,0.03420681906704459
2021-12-03,1,56.872160903547545,70.83508606183995,55.3370843749911,0.5340523232542118,48.66514590111695,0.016461822075891662,0.47019029565048626,0.4839740585585969,0.2346172300119484,0.020264952844856975,0.03710651354149359,15.454372882843018,0.42450298140470366,0.102702867114985,0.006846474734523156
2021-12-10,1,36.67055749243472,9.445190501268158,33.147412212559246,0.38342285692860223,40.77084458436134,0.017918762502271358,0.5001503252142557,0.5320958786131467,0.26860677225032964,0.01908393434564411,-0.027191741488889636,15.5507538659232,0.10270291009424071,0.1985579060639484,-0.08216204077041311
2021-12-17,0,31.56891235734834,1.703513423805461,14.236056712382128,0.36288195961746084,36.82173976793919,0.017380684517849947,0.48365229536752924,0.43330657083758845,0.38531196013240954,0.015381073710552669,0.01008261124754499,15.273460728781563,0.15063111472409219,0.0890085115052699,-0.12324233338809876
2022-01-07,0,68.39737373927444,117.56202172037882,76.50130739024597,0.5276505428703899,57.37861357308424,0.01739981163779417,0.3692817948540297,0.4549099143408011,0.33296427182888505,0.01675225357168745,0.020073767829593803,14.758504935673304,0.01370449937368079,0.14390443210356452,0.3700416113931446
2022-01-14,0,71.96806035965247,100.10348562289516,90.25450838511672,0.3015147073219637,63.16972973978291,0.016517801156258855,0.4080419545986564,0.439546229619313,0.5962313667203661,0.016957273552833926,0.018326456639721673,15.26851258959089,0.19187299556852366,0.06167310342742738,-0.047968608326012685
2022-01-21,0,59.699556908549916,68.70383928459603,78.37609894759164,0.36318908761846913,58.79536720823829,0.014433831461939854,0.43660948231440927,0.411156994725887,0.6710513128425004,0.015310013662490417,-0.008124659573399409,15.781568595341273,0.2398414976621268,0.04111634256374508,0.08223124739259724
2022-01-28,0,84.35286042087066,94.62315953201511,88.57050995960334,0.4659770669762686,72.80067285470606,0.012755085040732507,0.4571671956980798,0.4835982912783958,0.6857912333179114,0.01461858341818435,0.004911899046885115,16.25146014349801,0.01370448898479637,0.020558171212087473,0.4317144067793848
2022-02-04,0,77.16574065646796,89.01405732534593,88.34470818102511,0.38401361888150376,72.58453718719971,0.012810081783722364,0.47878840502368253,0.47691500456146735,0.6345917864802069,0.014056289464622037,0.011492189485540703,16.71845245361328,0.20572086217455166,0.027429544205819667,0.15086321250113244
2022-02-11,0,72.72050685001545,79.6532114170191,81.57813123614446,0.5691632571361289,70.3813086585547,0.0226472696450053,0.5655893925320158,0.609326471432227,0.6624887399485776,0.018507308110518213,0.01894042122904716,17.217159135001047,0.3222974220968524,0.12343219815070938,0.12343363688856712
2022-02-18,0,59.61123451867715,63.60048259749746,73.62526300518971,0.3360115354425268,63.16860842637256,0.021904891933357016,0.47364947053640727,0.5045087253499655,0.6824216933961089,0.01737049326925319,-0.014092554447253339,17.651417323521205,0.2262933656051196,0.0754316014477503,-0.034286568389656935
2022-02-25,0,48.31046120212733,24.22720877335844,42.488156719190414,0.47341405889434895,53.83510524649248,0.023919412026716342,0.541815467413426,0.5095696758552651,0.40951645917737034,0.018428009556820352,-0.017080362052884743,17.671713420322963,0.02058353288857262,0.04116706577714169,0.41166346022863465
2022-03-04,0,35.20512349058478,7.433907645358772,27.498359964183123,0.583593874945624,45.96260533626422,0.021137142573907884,0.5406148842875272,0.5571284986164703,0.42544301326272305,0.018951652629515047,0.0007986849139017726,17.652702740260533,0.041194166928278264,0.26776712680686643,-0.2746325812104793
2022-03-11,0,47.114628184337356,43.31712250897301,34.32227839159336,0.5561321131800376,49.14661349948024,0.019639732695927947,0.5584983596777204,0.6051719553437971,0.535328051097294,0.020424117813379352,0.0007965691305484888,17.21340533665248,0.24716934791110745,0.041195611571883006,-0.2677671536970472
2022-03-18,0,71.37401386822658,109.97595549401174,77.65719540773644,0.36388780594979053,62.206470542646606,0.019341586072714516,0.5228741617245082,0.4619707167320663,0.457426715859664,0.020507921059240517,0.02164771739689904,17.247057097298757,0.1785118960643679,0.01373090865525839,0.17164500123016424
2022-03-25,0,79.29182101247576,101.45240182458215,90.92201982456926,0.2677671614031709,68.91297664949293,0.016012727324788242,0.4624605516818878,0.3835041348597831,0.7490339594026532,0.01926017250206421,0.006585783579414099,17.842307363237655,0.0,0.23343844444313433,-0.03432871696003659
2022-04-01,0,67.96621217162408,84.37585053365086,87.24633190074442,0.37786289549997676,66.01153614983417,0.010686147134799486,0.4016672126411027,0.3796161879510847,0.9080655147010461,0.01615396785231885,-0.012655871452494425,18.52534362248012,0.12366338169377755,0.1442758672194806,-0.1099236465867186
2022-04-08,0,38.64973218247418,-2.5065068492994556,36.012958953170255,0.33664073103991754,52.44193322472105,0.008992364640008133,0.3610403530480709,0.367021506117883,0.6238275143877889,0.015468116273602164,-0.0007480913888954525,18.72377586364746,0.1648854325214586,0.10305375568396613,0.06870154283449281
2022-04-22,0,28.06078759832809,7.440980583000794,14.535360811103741,0.38473275640683013,39.90350992234341,0.010186546416977188,0.3709922266302976,0.41613966118981593,0.43730152504279085,0.011790685495051615,0.006514821721014327,18.21347999572754,0.08244273351574805,0.14427442329442997,-0.15801559959665212
2022-04-29,0,10.761395834545723,-2.052897481593078,5.876767022001067,0.7419841734344885,24.57374548425959,0.012187463138390054,0.43331561515540834,0.48287993381660704,0.7418407593624445,0.01292944617962566,-0.008196807307884737,17.621167727879115,0.33664204865053193,0.0,-0.4053421247839566
2022-05-06,0,32.03481740371869,22.078946513068416,15.032535516364089,0.6531548617260174,32.034153217107374,0.014584412011998966,0.4717192911252757,0.49981707166188577,0.8335535707234993,0.011932170390012469,-0.023341163562990354,16.974762507847377,0.2956387137547871,0.006874949913173722,0.3506411980580566
2022-05-13,0,61.788674053548505,80.40102522163558,47.23356968538732,0.2887637694217524,49.68675124844374,0.018235573665041274,0.5022721071930437,0.5313644619496382,0.7391206211630375,0.014143696597701936,0.015638345940620975,16.500662531171525,0.09625507064023608,0.13063126336933806,0.06187743541217827
2022-05-20,0,62.726916812921935,91.56523490997355,74.54408925226917,0.26126253568238056,53.341671491699465,0.015315265968421848,0.44247582641939803,0.3751965461229112,0.4934827933244064,0.014390844762729341,-0.0032178929785542792,16.702108791896276,0.06875383031078641,0.1650074617470807,0.02750124362451345
2022-05-27,0,69.67675699560355,98.017091988159,88.54316049696915,0.37814253365394634,61.346121846821376,0.01408914847051912,0.4139922330562946,0.3928749331554283,0.6614012172869643,0.015727770980582017,0.012374408500486362,17.271287509373256,0.17875739690957815,0.13063129312579136,0.06875384361857684
2022-06-03,0,50.74208844762861,54.687351373322684,70.147466993667,0.26143893224356063,53.22295120534459,0.013187355430386781,0.3742645386106539,0.3468134815327894,0.620493138994428,0.015333894552108396,0.004257701673936232,17.64953899383545,0.14448009367441372,0.04815858775186399,-0.06880025081728292
2022-06-10,0,20.604403436717732,-11.204120201815641,24.315021037184927,0.46783674853315915,35.42423527871716,0.012603041331699294,0.371409676035468,0.3675864427254792,0.39633127651654854,0.014770011861694621,-0.01730083566315807,17.606534549168178,0.0,0.16511885242346835,-0.3027178961096908
2022-06-17,0,17.650926720996964,2.2179195827150693,14.5677363554703,0.4540775944437918,30.919970546008926,0.009505543439577326,0.38475355819200857,0.450145701411843,0.6311748819366939,0.014514841421298861,0.004219205034755784,17.14853491101946,0.08944046662277572,0.28895873164111663,0.07567839617989947
2022-06-24,0,31.59691317494037,19.362907301781085,23.54855817958861,0.2958382844600145,36.41236588683612,0.016386170869751963,0.4245915232736411,0.46095661585078773,0.7007641557468037,0.01504066419370464,-0.023154249756860507,16.67013726915632,0.027519806845752726,0.09631860222378918,-0.17199987539047257
2022-07-01,0,30.019407244013124,15.553088920231602,17.204911375550537,0.5026290458663283,34.04390497764831,0.01607312504090504,0.4369056695262345,0.41482051516102253,0.6596984220875276,0.014999038555941556,-0.017924485886996896,16.207599571772985,0.08262521924190303,0.055082516429362016,0.36492131019506324
2022-07-08,0,41.87907772806796,30.23795844661018,23.94303952468318,0.3304964750198458,38.72184298784341,0.010725534152708292,0.3770443258456077,0.36094812349491157,0.4215999765446669,0.013300660536791756,0.014072539344487675,15.950518608093262,0.020656300550783158,0.08951015418753983,-0.22033002028152282
2022-07-15,0,42.98825229570747,37.36521064646113,27.678267810351887,0.4682012030207261,38.811186557492256,0.011261584448916857,0.40517283491210876,0.3954140887674859,0.4279203160749102,0.013582610108902087,-0.011223183907012269,15.629980087280273,0.10327859368896064,0.12393633486295386,0.2409862744688116
2022-07-22,1,55.70220179688751,97.873731517269,73.31368834904816,0.42000382823987437,49.52010737264019,0.014220069308682567,0.4077093213173777,0.45344646067797406,0.2909466909578984,0.015216488689049248,0.008114747793774305,15.731478078024727,0.06885386810046157,0.1170499867131376,-0.2340999734262752
2022-07-29,0,60.722000623439904,93.4449909200078,84.6917924355839,0.3511513239694857,53.708638814263196,0.013102699402611207,0.40131519197967985,0.37279055752714335,0.33539022384025,0.014694894768210183,0.006349187476270842,15.939021178654261,0.16524751191534293,0.10328005609647306,-0.08262375595766969
2022-08-05,0,82.96615823471134,96.96075452188074,91.09862098700347,0.6201422067944797,68.80411431044413,0.01333594256315359,0.4033947426286737,0.39367050919587093,0.4763002120379032,0.012767076776312164,0.023987669132806404,16.338865688868932,0.13780921865681606,0.17915270709266906,0.3031802810449946
2022-08-12,0,92.89800186797743,97.86950844551902,94.36092762344052,0.2894000930690126,80.34272777329511,0.010327474645135427,0.3936697146503038,0.4528016413679151,0.855165261215042,0.012689312539459824,0.0015150095395754229,17.001219204493932,0.03445339023803484,0.1515908691498815,0.10335583368109624
2022-08-19,0,73.83149463323375,88.75718099261218,92.45161713943449,0.369345363503335,74.23352133493019,0.010353922742056982,0.4154086007857562,0.3789998699723703,1.0865442941030605,0.012531896872792374,-0.0029292594153169614,17.89074502672468,0.06968714234651685,0.18815762371345812,-0.11150059744336005
2022-08-26,0,65.37301861300435,75.12388767763602,81.32051713363418,0.40419031114486614,69.32308062638853,0.010864903266696615,0.3727578225250698,0.30452557039881406,0.9434758385506024,0.011686164269822481,0.012366697495611334,18.484786987304688,0.16725232283751978,0.09059385069922854,-0.14634413760811782
2022-09-02,0,57.50230236626184,36.207967250881694,47.64775100964251,0.2998633211042936,61.724691877444165,0.011571943329007841,0.36368467860394205,0.39730703964165975,0.43391208018224176,0.011505724304229553,0.015299622117274383,18.521836825779506,0.14644579644678046,0.013946382645272593,0.13947114201224053
2022-09-09,1,57.76508804194686,72.89318592593101,65.27432957638925,0.2928885754479289,60.935811999938736,0.012110029192804283,0.3624934911168981,0.4233377895920662,0.21533601914791345,0.011902343872028773,-0.007133506413074204,18.494645254952566,0.20223419026467582,0.05578697631782248,0.034867408865430605
2022-09-16,1,51.246841584391824,66.43842751174722,67.64241817932943,0.28591686356124413,57.23705495629938,0.011953205637628337,0.37800532515728896,0.3367236931285846,0.20029510093102654,0.011582853160591043,0.0026186931563093757,18.55993870326451,0.13249791598091676,0.0976305053895743,0.055788442190753074
2022-09-23,0,63.55404355914191,84.80632648355737,83.13822835672545,0.39749236543568145,64.74206309693325,0.017067201876940878,0.4393340313889184,0.5180352866187162,0.5712541661673272,0.014167320287719134,0.01994110734259747,19.066715376717703,0.10460371609732988,0.2231538140146725,-0.06973483532367908
2022-09-30,0,59.17850805689714,51.6091422001893,58.338157830086054,0.2998632931339351,60.3890702221976,0.017820107142387326,0.44282120276560455,0.43734212591646887,0.5381393076318614,0.014818283971905296,0.014788233558301393,19.298336710248673,0.055788451601113564,0.06973629605727538,0.17433854547554617
2022-10-07,0,64.63728065787834,76.5864025106907,75.80804460641599,0.46752273894896845,65.11356740078602,0.02204592398928965,0.5135746501364847,0.5599208591491838,0.7613808809449618,0.01813867239222158,-0.018287216290404695,19.965463502066477,0.0,0.3837873885715126,0.08373535037745583
2022-10-14,0,48.04547789037466,38.128264408526036,54.263371314859164,0.49543450169347025,56.55521995289091,0.0191525691749666,0.4857595752898722,0.4386138989192173,0.6434723265222714,0.01752477778631054,-0.005917849891825557,20.020875658307755,0.29307444608368627,0.13258133189577848,-0.06977872371400551
2022-10-21,0,84.10706462656131,100.48614048826684,81.57024139722802,1.018780626120023,74.77901059128953,0.02009270746435811,0.5317021574785284,0.5034094739188403,0.6470468296697548,0.018189000732443575,0.015421391389270612,20.54657758985247,0.15351551057979407,0.07675629125748884,0.78850882428274
2022-10-28,0,53.05645721009234,23.542369387297526,40.22956421369712,0.38378737592968193,55.85507923018029,0.020080832075440785,0.5153712819466804,0.6200412664775031,0.4902874690401546,0.021045297476366537,0.01824803307603483,20.484772409711564,0.07675630395981159,0.07675776799246847,0.23027330397740187
2022-11-04,0,61.611280697354466,69.7372136072497,60.94193859671938,0.47477587680313604,60.6446523996,0.02094636092153011,0.6141423171159273,0.6600791256515137,0.4706238922248185,0.01978598180919687,-0.007248545962843468,20.803409848894393,0.16756795651875223,0.06981924944135542,-0.2373886708430284
2022-11-11,0,19.012957805593544,-8.332169882580004,19.46665405271057,1.1101381166840802,33.1967033800812,0.022836742666842536,0.7234687681304385,0.7550538798947899,0.7105415493532119,0.02242692055800811,-0.019007130992641393,20.435688291277206,0.1396399686117391,0.08378398116704489,-0.8867141669052963
2022-11-18,0,26.610617610105834,5.148596407037665,12.730032340188703,0.5306319356789295,35.023961165403335,0.019654593112534164,0.6946466343352247,0.7460768238539818,1.0742215091887233,0.019275507163198282,0.006071989885731355,19.88251495361328,0.321172693510384,0.17454961262097157,-0.03490962954757393
2022-11-25,0,33.21164508623707,7.116515314584504,10.58927078427665,0.6493268950694642,35.96568094214783,0.02131325646538166,0.655312818663151,0.5635508226660387,1.175282049509562,0.02137882321217152,0.035131592222557274,18.93419987814767,0.027929456126162933,0.06981924566689912,-0.5515781932764021
2022-12-02,0,47.41135325271167,60.633313761797,35.570993182463546,0.7475817489791652,42.228018286101936,0.017323127737595888,0.5650986949848374,0.6264953763122796,1.0670198655991228,0.021298392744196135,-9.046892065137367e-05,18.32953589303153,0.22357574056362495,0.34235145214668705,0.18165455626885318
2022-12-09,0,29.91219520952552,5.424011457011588,21.67730781921263,0.3990030998588949,34.22750671944773,0.021531377930199967,0.554799986460438,0.5121366907202882,0.4419286269164996,0.02008443890648508,-0.03568283933405103,18.075599125453405,0.09975114868770518,0.049875574343850815,-0.24937637682733893
2022-12-16,0,33.93061514938067,25.571065965254455,21.813064338888164,0.3277519340753514,34.21324359406144,0.01902219542616245,0.5748559222135687,0.6208370444901183,0.6997714804390882,0.019660619536152352,0.005566458904788166,17.544501032148087,0.12112655970555508,0.09262645652036383,0.1139989178494325
2022-12-23,0,64.96632446705716,91.29718414022932,62.80414087875744,0.4560017297625265,50.45991497598037,0.019472257309889312,0.546563512197335,0.5252181139924268,0.5704542780114848,0.019144446883766174,0.0020177489600491268,17.3775691986084,0.22800086488126325,0.11400043244062985,0.1140004324406334
2023-01-06,0,62.787828816028195,77.95915658658271,69.23568601091462,0.3636334424962122,53.42942082470958,0.01729040175988728,0.49544668982312146,0.5094434441239721,0.4314143794314723,0.019165516305578355,0.03070847138560097,17.59407697405134,0.05704048133479489,0.09269040818214691,0.2139025529792704
2023-01-13,0,62.50991895437728,84.54432074011771,81.74988097103736,0.5347548255608956,56.8564197488149,0.017136694296423765,0.5327548120591621,0.5867027135430669,0.5452493182948341,0.018430948676720526,-0.014141398129355883,17.889331681387766,0.0285202374172826,0.3351131636399174,0.1711214245036956
2023-01-20,0,56.99142638571662,88.88194191775312,86.0600257695252,0.46345503139269795,56.30172420513908,0.01644119047429724,0.5220226533112208,0.49095547043780535,0.5623461419881264,0.01661207164611753,0.0,18.256025995526993,0.01426086826400308,0.049910795002649166,-0.3992833681260457
2023-01-27,0,34.93726529263226,-2.2538155940492857,35.91246653653521,0.45632382823743356,44.19091766640228,0.01662799932076576,0.5194763622538675,0.49401237592009395,0.5258539432855956,0.016441868725433604,-0.005871993579998266,18.428165708269393,0.03564992509416953,0.07842953601767633,-0.3422443671255877
2023-02-03,1,44.10025377002808,21.96049801391409,29.509559396083628,0.37815630097414754,47.2081935880087,0.015458870229944653,0.4966481471330105,0.4941917232131812,0.3631393404961862,0.015921045228127734,0.009165051339406986,18.223559379577637,0.17124075859100785,0.049944098512735735,0.15697144387040396
2023-02-10,1,54.98238412598121,73.4662851171943,55.08407865716113,0.335346923104634,53.30113693150512,0.025693502776112702,0.583919758908289,0.708407145233263,0.4113561160575153,0.021770163665657573,-0.0251437967391103,18.09263297489711,0.12843134167469827,0.14983681478563327,0.05707876664430245
2023-02-17,0,64.28207191150562,105.30972088108692,86.15853735069192,0.32107752593129035,59.850473687236665,0.026678955991154243,0.61206151562722,0.5341089602678107,0.5291953511230869,0.021331212849282043,0.00744325044304429,18.46508870806013,0.1355659667049558,0.12843130977062245,-0.057080249455712107
2023-02-24,0,40.45369142172997,57.411322967315186,69.72950877818892,0.5422624684974338,47.82760238097076,0.02837995357805519,0.5922081660590653,0.4984336529817739,0.541708310517367,0.021917312833294914,0.0037837705297106704,18.619391986301967,0.04280944638596651,0.08562038976275232,-0.4138326323487149
2023-03-03,0,24.506612893393935,-13.283599774880045,21.77801208272295,0.35700018359539953,36.974943298281964,0.01803202232698686,0.5231112917366438,0.5590013579405867,0.6256459724020199,0.022089667300874864,-0.033349778965039795,18.46196174621582,0.17850084081303663,0.08567986429921604,-0.09281947848314687
2023-03-10,0,31.052095360584786,6.041190953159344,18.505869135116964,0.5140788635986091,38.384050158715795,0.016677953975163053,0.5064126652499493,0.5140797341684754,0.6780897302285147,0.022398426675571056,-0.019277404228567486,17.99898556300572,0.04284065431474815,0.1285204649145193,-0.34271774436934166
2023-03-17,0,28.65577803690043,17.813116448536732,18.31107787394285,0.442679890847554,35.15523821333301,0.017153421754268924,0.5044869924967509,0.4569607110585296,0.8162180269090852,0.022662805497575232,0.01636317942737878,17.37835325513567,0.014280721332244894,0.02855994463435607,-0.399839224880953
2023-03-24,0,40.95845864758904,22.73163746709953,22.287111649048615,0.4910767534748892,40.32575985460485,0.016399134949276403,0.4935672756886755,0.5515946411232052,0.5369259867664209,0.01749917140591814,-0.0251665676248064,17.077119963509695,0.14443433925731952,0.3033113548513917,0.04333105936617798
2023-03-31,0,70.60638618683802,106.23146173996717,71.19355703914586,0.43330305269955005,56.83194120202274,0.01619949332102815,0.4886421837031065,0.5101236552154985,0.4207517753002201,0.016794664699329703,0.02717340499732196,17.05525806971959,0.2527589776911725,0.18054407500837755,0.0
2023-04-14,0,80.46780030287684,100.5904195293329,89.14564303002925,0.4986555987905099,66.77238101211083,0.014745891307104601,0.44756366684028237,0.4294830580562566,0.6655612450411956,0.01631424174377799,0.0,17.832531929016113,0.08672251506003192,0.07949601787013805,0.33243706586033994
2023-04-28,0,64.98898257379685,75.83767465211423,74.40325572506728,0.3035294830106672,61.34148149536044,0.01237474676700911,0.3850890278417755,0.33966262750284976,0.484925721585303,0.015171331699960485,0.017602591166916436,18.50494602748326,0.0,0.29630298767375507,-0.007226495336912109
2023-05-05,0,63.3644485952715,56.534715566382204,52.55346108949476,0.701484156947842,59.62244794190249,0.017564762011753002,0.43114712051053516,0.4689460131619053,0.38635207758411405,0.01675043411654357,0.008012866179477529,18.477004051208496,0.0,0.23864899899572478,0.46283515795211727
2023-05-12,0,69.29327486650752,99.88562711924956,84.50272435119771,0.2748075627356812,65.01867145448276,0.01751653044352116,0.46223592412730213,0.5186243169265065,0.4597227621798131,0.015912373924603113,0.009619086404539588,18.728973116193497,0.10124441238902904,0.10124441238902904,0.07231873795762311
2023-05-19,0,58.94914686193165,86.41387416313779,85.69225461370372,0.3109678484561016,61.273882646985385,0.016819874713379042,0.460252246331586,0.3667550805350161,0.5864586835902416,0.014077923889091735,-0.003684749820630974,19.09816578456334,0.06508583514617428,0.21695480687898439,-0.02892720643094293
2023-05-26,0,58.73695231100747,57.64367207613856,68.60871087747915,0.701484164741899,59.486612902763575,0.012599379198353368,0.45302055131276503,0.502092469269907,0.5468624723234364,0.01465610977222802,0.030932168529471046,19.432895387922013,0.2603447792407074,0.18079460626048416,-0.2603447792407074
2023-06-02,1,60.05152183961665,36.01105831344654,42.076505720086374,0.2605208475622298,58.606283630567944,0.013524629147206214,0.4473770460291015,0.48770798680121125,0.2520708310317235,0.014912385346755187,0.01462495910589148,19.38775062561035,0.0940775631849391,0.10131383164204877,0.06512945273524195
2023-06-09,1,73.82102451895491,105.17230290501213,76.4157375768169,0.34012285567373013,65.76651923522826,0.013455229899202946,0.43297183344122026,0.32459159361450013,0.27262410831061584,0.014685223258786052,0.0029215797146463942,19.476266316005162,0.0,0.17368108057252485,0.16644177510120528
2023-06-16,0,79.7266054774662,104.87244961928141,90.78834541556176,0.4269627911252023,70.87770408637363,0.010090618331736457,0.36435950138553175,0.3607998122763273,0.4956611113299306,0.012585071802214012,0.013039609701021962,19.84634808131627,0.13749674939816003,0.17367962503622536,0.1157864166908169
2023-06-23,0,68.22049760567211,83.11569708558144,87.81241674030616,0.27023368072842757,68.00899159597297,0.008455358945057136,0.3409751049716722,0.3583673201124523,0.681214518727246,0.011112646705732804,-0.009688857346606721,20.456809725080216,0.0,0.1387692266734284,-0.13146445405499918
2023-06-30,0,55.28680832148786,51.58624399955946,64.97672002673471,0.4163078198201653,60.80654072355417,0.009005367868724683,0.3639760561154909,0.3703981205400128,0.5627063175139104,0.011285199609932083,0.012005516229419692,20.77233954838344,0.10955477007705028,0.05112576368437516,-0.25562728605873986
2023-07-07,0,64.09343339469027,71.72741208687884,71.96183440514014,0.5919622853640263,64.04080222920877,0.010954926683197596,0.3783137868953589,0.3904022769074627,0.3824961563131947,0.010476591291787546,-0.014923226217043912,20.96297631944929,0.2338611892850757,0.08769794598190117,0.2704031500970494
2023-07-14,1,42.953305980716614,12.256642652523851,36.23553876653205,0.46041465217622957,50.747375548763074,0.012366652695369336,0.419627135787649,0.456240097113264,0.2097106136515009,0.010665169662422893,0.010905618983062054,20.897690500531876,0.10231504862364105,0.08769642265586697,-0.27040318089672155
2023-07-21,1,59.63921510576997,59.689514712960076,45.13367870243475,0.4165663014052434,57.53642109329487,0.014766739498053667,0.44475500734215145,0.47816274812651877,0.23630337839555282,0.01234722481960602,0.01842041321170743,20.913371222359793,0.0,0.05115750718715262,0.3654087942180908
2023-07-28,1,50.54025152128551,49.07240304626825,46.71249349662872,0.3800244919241784,51.81078239097514,0.01546390464906194,0.4739873037850297,0.4760755548806276,0.23290251835313958,0.013025664798394477,-0.02250469619879608,20.812101091657365,0.02923265322493762,0.09500573965225811,0.2557860990469827
2023-08-04,1,34.60934745939723,22.810940029772752,40.18258554193693,0.6142642413666337,43.8362939829452,0.013937567894090744,0.46049795447810865,0.43448096062411373,0.23595401670878838,0.01306438697721989,-0.007716733445242695,20.80792794908796,0.15356567677651256,0.13162728459112571,-0.32907127999899544
2023-08-11,0,34.87334602056511,25.860041473224598,28.751654026336418,0.24862994273686212,42.21482226825389,0.0096808169017631,0.43240633315862353,0.49203815402698176,0.3390290970644939,0.012776434192630082,0.0032673323347857802,20.588948522295272,0.11700268699622995,0.12431497136843106,0.0073122843722011055
2023-08-18,0,29.81472134114769,4.86598602589644,12.510475154798034,0.46801084738109466,36.541159396088716,0.007365331290012461,0.4351032138253803,0.3666765788319038,0.5047646285483917,0.011657265905698506,-0.011891791653063862,20.19917869567871,0.16087796165696133,0.11700271184527367,0.19013017387885967
2023-08-25,0,36.688896935678436,36.63599133445679,29.980098597504764,0.46069706525790366,39.33183128483325,0.009670399322403975,0.4001068297137986,0.39801849387553745,0.4630510218341489,0.012073405898246455,-0.0116575628982634,19.917641230991908,0.03656296690731864,0.13893958109995097,-0.28519451725063405
2023-09-01,1,53.28949402080418,59.51925467263092,53.73110885200795,0.43172715100669734,50.33218442425735,0.01492740200220595,0.4581072381901016,0.5265527688314435,0.27807690106464794,0.01259353762138905,-0.008711701879172595,19.979160853794642,0.19757109300185505,0.09512705000062738,0.13902900800421492
2023-09-08,1,36.67183219285795,1.1277998438590089,24.384092249905322,0.42440859511919626,41.26896257931395,0.015400490363045534,0.447729948513563,0.40864437202340803,0.29301114573178444,0.0120381607973497,-0.009680010256183036,19.98383358546666,0.2487915630522437,0.08780851603347628,0.08780851603347628
2023-09-15,1,54.771503083855805,59.18812155341874,49.48097742511603,0.4097731125961168,51.13216105624278,0.015047508350126138,0.455133908320959,0.40350180486407033,0.30279941717830755,0.012662904811996261,-0.003971692817299098,20.10077612740653,0.05853748083690036,0.10244404577315791,-0.24879158598605855
2023-09-22,1,42.071551294911465,48.57511097189685,51.32611017389897,0.2438618030004811,45.82111793178225,0.01218708194127804,0.3794620280172248,0.3711023930125969,0.27300758942947023,0.0132281142305779,-0.023073565697904613,20.028438023158483,0.07389793890411767,0.02216953671380395,-0.1477943273825595
2023-09-29,1,55.03050248873505,53.11906046335331,47.04143124294092,0.40643464735617485,51.187148988435716,0.011867010516790956,0.37825931382596323,0.3927110421193635,0.24602372297070618,0.013874007340030121,0.026023482487068574,20.059836796351842,0.05172838430172533,0.1404033996401992,-0.2143028634142503
2023-10-06,1,67.90769902251509,89.22135837156246,65.29465279803462,0.7838193687916295,59.337440441253165,0.014668757110058625,0.4293708915433016,0.5124808564261879,0.2770858869973054,0.014453514468285956,0.015679645025730313,20.04084845951625,0.2883864739896289,0.1183122404642134,0.3771206543377872
2023-10-13,1,56.910884774239584,80.20060946275206,71.11731402924663,0.3697264500895585,55.06608060199953,0.013283040834101574,0.42785657543801187,0.48064436286366785,0.30998778245808967,0.012387646228096565,0.012588012675254752,20.164469173976354,0.11091809017008103,0.07394591059077271,-0.18486244932870477
2023-10-20,0,40.85154194660808,11.144989707654133,35.90987473373332,0.3623322205383168,45.91165351887753,0.013151213695775715,0.4358727468173382,0.4035297054980726,0.3283182196980322,0.01273582976458506,0.011522379633994368,20.232991218566895,0.19965219475675156,0.1331019803150717,0.029578045466493563
2023-10-27,1,51.263473003807725,51.485004009837965,43.32594789301378,0.5250108628079246,50.69330457263386,0.01224750482872481,0.43733334993607287,0.49754545379171233,0.28919052312409776,0.012912406790342845,0.02447606253421646,20.219257763453893,0.044367858106230784,0.0813384874744223,-0.39930451722727156
2023-11-03,1,65.68772747282249,74.67934780310848,52.732781315125905,0.4143654815121067,58.49928283038628,0.01449148854425842,0.463140956959261,0.5111324453793914,0.2889548422105195,0.013925071496561406,0.013991651792672281,20.118179730006627,0.13318812854477713,0.14798767196861107,0.13318968099871853
2023-11-10,0,83.26953445399081,107.26367755718192,87.82876739597256,0.4439629718303202,71.74108759919395,0.013372595384069737,0.48543939132776587,0.5039678871983934,0.6451895219861281,0.01375176326177907,0.004455935208945024,20.613906451633998,0.20718272018748252,0.11099113107102809,0.12578912057180958
2023-11-17,0,85.10483025046187,101.19710263502378,92.48932720146438,0.34776981659231154,75.32246109333889,0.0131487540151346,0.46809152751290967,0.4323358588363589,0.9486594244273635,0.012979678934675698,0.01596320210643324,21.21228231702532,0.1035905797956147,0.1257891156281481,0.11839012116854875
2023-11-24,0,75.26402988977405,85.63263182348115,89.6131595321584,0.3625709538053954,72.85547045179027,0.009253692928394461,0.4307502969439922,0.3963957874109007,1.0859572910540112,0.012284367212210363,-0.0012956192752372024,22.143200874328613,0.11839013533549902,0.20718428929103183,-0.036996529178864535
2023-12-01,0,81.48472451332057,94.5241328422739,91.4990167365992,0.40719396902868965,76.79262876252068,0.007917874395658902,0.396940287166899,0.3911426048514208,0.8918016795436162,0.010658493535437767,0.015311078307364412,22.703843116760254,0.09624536710733977,0.2739298386847615,-0.03701876323658837
2023-12-08,0,81.31459286594739,92.55714639978078,90.50089829020301,0.5074209293976111,77.85614800012902,0.007425805538322928,0.3821472623280958,0.39749580917373856,0.6201869274858245,0.010854339021239811,0.011042272576411279,23.145799228123256,0.0746212774767443,0.06715805380782669,0.3656415981130401
2023-12-15,0,75.8298644773357,90.98762215563059,89.31202362313974,0.5521925349285723,75.42994821692176,0.010564756360389302,0.43810304925159116,0.47757231700473113,0.6042690868685412,0.01032869851643216,0.008248082033450638,23.636748586382186,0.08954460845311729,0.3208685716908448,-0.14177935478461023
2023-12-22,0,76.11144536822684,82.03179519155907,83.18391879013664,0.552194070805271,75.17454673056358,0.011177888285831668,0.42806720236159307,0.4061489329685085,0.6753888802751081,0.009292243017027376,0.006732137621373651,24.12234388078962,0.17162754836337868,0.014924883406447265,0.3656416390354451
2024-01-05,0,63.870954299117564,70.70746151373592,77.70210236540899,0.612205406731686,67.19301752393278,0.010570499510388227,0.4079479603434927,0.40974698771847684,0.6093182603835701,0.010233575307905772,-0.0066585708633935085,24.781455721173966,0.0,0.02239661262498771,0.5898087941066983
2024-01-12,0,56.17733500094664,52.95029302433241,61.66934737530185,0.38822836288761664,62.079643072376946,0.010342699752690952,0.38882542180251384,0.3978266182738907,0.39617945525255843,0.010313874025773682,0.0018004289487582056,24.931052616664342,0.06719297889578968,0.22397711845795243,0.09705826553387453
2024-01-19,1,41.63327645338657,3.291341515761303,27.382982213623094,0.24637692406690448,53.487697747247076,0.009403617379013926,0.3835545561991047,0.33063459383471944,0.2749556657928123,0.010411965470117116,-0.004251587151045521,24.809308869498118,0.0671945609726059,0.17171682290278412,-0.007465540191514464
2024-01-26,0,50.56262184993652,41.098278192347365,34.269679383286004,0.41809210484867876,52.28478177644629,0.007611186181920794,0.40049449376503105,0.4479566598292933,0.34799788145019844,0.010616654302702899,-0.0021627436261631447,24.58799648284912,0.07465852122924588,0.022398182935187805,0.3210354006842451
2024-02-02,1,51.10357197020118,53.25884840096079,44.22862570816849,0.5228974320176967,51.57203577998406,0.008422566830886349,0.44853327143799887,0.4544428291056834,0.30000311668013235,0.009285914369463629,-0.0022105177547261908,24.402161870683944,0.10458011330746686,0.41084775840536025,-0.00746956030486956
2024-02-09,0,64.96102956711351,87.15098158777755,75.85374154720913,0.5004871094205612,62.683515144409924,0.015043267373760058,0.5393242517164109,0.6573564951949668,0.5408365754514773,0.012683752398064135,-0.019883557421110348,24.76223427908761,0.08963941210847892,0.10457853049676302,0.30626916681531924
2024-02-16,0,67.72792502313555,93.7106956059435,83.13023092106705,0.3809678950659112,64.45118639914614,0.014892948877966305,0.5228302241125312,0.5687840730864987,0.6548324197087614,0.012305341132727151,0.008422018439602453,25.092106819152832,0.08216985330041382,0.19421951077737276,-0.10457853098812464
2024-02-23,0,69.49581118424021,86.1436406032256,86.16705627235055,0.39344471710882445,67.28609342769417,0.015199504057963595,0.511445330169335,0.41889109550415576,0.8754510463521857,0.012153673200576925,-0.005688881457546788,25.810349328177317,0.09257513234396697,0.2545812092989479,0.04628837546590958
2024-03-01,0,52.65962700194685,59.92484214295476,74.78689369942956,0.27786985904707606,59.0693399470706,0.011026258108544101,0.40665234201510614,0.40779247084198644,0.7619154422216281,0.012946759344467994,-0.025023139533977654,26.253728457859584,0.11577951279372911,0.12349771513203223,-0.038592631121314724
2024-03-08,0,54.07650798346517,27.09652444259845,45.2009803372629,0.47083623537342234,57.40664782387749,0.011454299122344013,0.43405319361957445,0.46636437818379,0.4081687954823047,0.012864018545107344,-0.010597542968544066,26.39547279902867,0.12349771037406754,0.0231562255525688,0.324182299446786
2024-03-15,1,59.45283666962102,86.14254727731898,72.59725056329759,0.38593112672388585,60.38845524969433,0.010125769118590906,0.41399213550617986,0.4201138354649499,0.2943613299230685,0.012532883727158809,-0.0005755236180617043,26.456441198076522,0.02315460444834372,0.10806129847734525,-0.2547152237981969
2024-03-22,1,35.35727175442361,40.30268891959577,60.24906485581218,0.4586180934068089,48.5952552937799,0.007899245316530608,0.39994422944366953,0.3698507622829784,0.27965964515882474,0.010080820966146622,-0.010398495431915303,26.52603272029332,0.077730995693436,0.08550539996666373,-0.2953816977467092
2024-04-05,0,24.771366956154253,-8.653698715501207,18.54235548445551,0.35774946900782467,37.048537857452764,0.012534319783680557,0.45966084207799646,0.5354593906241308,0.4516087868763493,0.010997713519703356,-0.01332945036523997,26.344503266470774,0.14776778768038312,0.15554289267483057,-0.05443878865261098
2024-04-12,0,30.699391256539485,0.4224904399820488,14.787336953562596,0.2644237080548244,37.78833828380209,0.014318138240164315,0.48379477850248903,0.492181784544321,0.561344029145107,0.011159681838871921,-0.0018279106400858347,25.989019666399276,0.023331839592454884,0.05444041514530085,-0.18665145331706867
2024-04-19,0,21.667006438834235,5.441105798452966,9.512679463250095,0.40441309398079994,31.003945171371882,0.009921956211864862,0.46329510421966497,0.4121879170717361,0.7573942931105291,0.01115091230935485,0.0012612872090087483,25.314073698861257,0.14776613452630727,0.07777225090744722,-0.17887470854704546
2024-04-26,0,52.540940398292776,38.03726831607119,25.516682333328944,0.4899604492517078,44.743357214979866,0.010883785080403939,0.4482960199982511,0.4688506793527506,0.660709276486639,0.011598443799991169,-0.005665551652526942,24.971323013305664,0.10887919332748908,0.07777225098637786,0.30330900493784085
2024-05-03,0,55.0977018252501,63.5879466446727,40.19147176066129,0.39685812997114667,47.79997542689062,0.011474384603430993,0.49821060109037724,0.5197938751679005,0.4745430183548526,0.012631139605916402,0.014496120299325914,24.730566842215403,0.2567898824276966,0.09337828748554955,-0.04668996005790049
2024-05-10,1,55.13319956114555,75.23847222479924,66.49914492320808,0.552488491923711,51.6637042898643,0.014685308772726616,0.5661125144445565,0.6333769637498072,0.4103179111646462,0.013791864821772378,-0.030508748092018676,25.02066339765276,0.28791591718549014,0.01556386092808637,0.24900871381013445
2024-05-17,0,61.08162022970299,90.08344949207043,82.60826806333216,0.2412276249188423,56.241504385840635,0.014017553945478397,0.5339710856544961,0.471338196692039,0.5429958037378689,0.012390377050247176,-0.003005593136089092,25.411942890712194,0.10894214001370273,0.07781604752836913,0.05446943737677046
2024-05-24,0,28.035739933943916,-12.771138839559981,30.051590448863838,0.39685812389727104,39.94509690942778,0.013108785101320321,0.4696709993883186,0.3568391787969765,0.49179420024332254,0.011875314271830037,-0.00897721640279855,25.571221215384348,0.015562231360949141,0.09337828605640297,-0.28791760647991893
2024-05-31,0,17.05695359029481,-9.755644575545418,11.437872938681108,0.3190420871637265,32.19877432431778,0.007571037082697348,0.3790727959709389,0.3879662910271203,0.564299208429147,0.011507652030316217,-0.00699328612120724,25.260516030447825,0.05446944546016397,0.023343348355645333,-0.2412292933479172
2024-06-07,0,40.050790451485895,28.271533697085985,24.085333613844377,0.3659400909034183,41.49437254172552,0.008811388641272106,0.3834695128307852,0.3989832596493516,0.6032763511203295,0.011963208966989642,0.012618663379789797,24.80028533935547,0.17129173199867154,0.09343140830135965,-0.10121695060338709
2024-06-14,0,36.22209537706132,21.864125127279863,23.788608798109635,0.33479635951496434,39.53049738127864,0.00892804952949511,0.4002293642689868,0.42377967165334746,0.5529799767027647,0.010995770888586014,-0.01053123139454477,24.472299575805664,0.17907731248002534,0.14793350307303754,0.007785543961901453
2024-06-21,1,61.58672975283673,91.41169579421107,69.4997572155972,0.42377557563057167,53.545915882378715,0.010321291651097304,0.43514043926566054,0.45984856402546775,0.2651769234469624,0.009601908816990341,-0.006870666102970504,24.63270446232387,0.23543124124153536,0.1883443343890363,0.0
2024-06-28,0,69.09774314209771,85.63338611100227,78.09909892222029,0.38453757791516807,59.29559474965754,0.008982594695015413,0.45086516576443003,0.4490318065788489,0.4361236173019423,0.00924028974855637,0.001851153783602555,24.948840413774764,0.04708690607551347,0.2825181434321671,-0.054932528407487524
2024-07-05,0,77.01596719718783,85.07810955749832,82.14222103442481,0.36904240510797237,65.20191676542836,0.006162210369122645,0.42585785249212116,0.3611405277695309,0.5372934220631392,0.008943483132235521,0.001520343020736032,25.37856388092041,0.06281565842655468,0.2512626337062329,-0.054964112975184776
2024-07-12,0,74.02544892908506,96.11050270803364,90.72985659372699,0.29052200426703223,68.02773729403563,0.005488906409600726,0.35159823404772006,0.3174438315159251,0.5545021929688304,0.008426313384936907,0.005961355732402129,25.784133911132812,0.03140782876961623,0.10992657698978903,-0.14918759850762697
2024-07-19,0,79.95824427859989,86.7956840244687,89.81302008149291,0.43970954608555957,73.64646388358551,0.005703080189616706,0.3482906308292869,0.3331471126773969,0.5458765884497762,0.0076057724249173194,-0.00469484045587346,26.23060839516776,0.282670422483573,0.07066719376900821,0.08637192983297837
2024-07-26,0,69.79738598468902,73.4664370003457,79.08043772815462,0.3297829786977502,69.34106486553867,0.005780697250371036,0.31127395735882707,0.3039823318196722,0.5195305032235803,0.0069269049271057466,-0.00440304267361007,26.59908935001918,0.07852038441661335,0.0,0.25126259428113684
2024-08-02,0,25.94504643500558,-8.381325120541703,35.3299250086148,0.5892058450397499,41.9691341786457,0.008442766596061212,0.3690886237099887,0.41400451630804574,0.3976020005161547,0.0074518196415987595,-0.014646635926026223,26.70198208945138,0.03928148851368363,0.12569680740406497,-0.42422754912200134
2024-08-09,1,68.50647806629443,92.23384383688864,67.32507635855906,0.6363395967959953,63.719659948646814,0.012160822509071266,0.48026369408594655,0.6610310097169046,0.3520433690981598,0.009278211480152735,-0.0035598476799218854,26.603714125497,0.0,0.03927983539406554,0.5970597614019297
2024-08-16,0,79.38124727393573,100.80865658263252,89.0492800372563,0.6677654147798506,74.75661465766906,0.015706451324556933,0.6065728169567459,0.6172618623699268,0.8904065510306064,0.01130061132954696,0.015778247216674157,27.136754172188894,0.19640081692758926,0.07856296399708285,-0.3928016338551785
2024-08-23,0,59.82492770411633,80.50535582036966,85.29149518625965,0.5342097717421233,65.21981290529949,0.01366156290064906,0.5987432958782308,0.5095200994880292,1.204159279670136,0.011561130346451632,-0.009211566741360573,28.0904541015625,0.20425648351710635,0.07070404058157109,-0.2592492476434458
2024-08-30,0,55.44318674385459,74.52520637565331,80.52496997744342,0.43993884588664045,62.00789134125003,0.013395221987223324,0.5437511971080546,0.49829850797099845,1.2098853269993128,0.012247236473218985,-0.011032368499374952,28.869326455252512,0.10998223907171578,0.22782670996269516,-0.10212989685222951
2024-09-06,0,53.92213297293496,51.295600164485194,62.542328242789154,0.5580482024249136,59.66499238804269,0.01060711753942012,0.4770551502574903,0.44346722515190606,0.6206271519881811,0.012931769865279096,0.006423832976046538,28.99945844922747,0.0,0.06287862424339608,-0.4951695781815175
2024-09-13,1,50.75194781422823,48.1308361578034,58.17291383377996,0.5894892287963494,57.75031805747228,0.01057193447078602,0.4636613942182069,0.4334148721038475,0.25673889363645963,0.011998152853177946,-0.011028992817203931,29.112782205854142,0.1336166790288793,0.3379747040082002,-0.11789784575926987
2024-09-20,1,27.705461644836333,-7.705778366443624,22.910048047156,0.4513764457278704,45.63606719340567,0.008489868284300015,0.4257953681021703,0.4170521350018405,0.2863195596248014,0.011001776111344492,-0.002728435884118335,29.083643913269043,0.12670227679738844,0.015836953874018178,-0.3088372150564638
2024-09-27,0,62.64879998165886,73.27600331865443,47.700198934721854,0.26924154546905754,58.04703625446232,0.0070973178993485545,0.40674368451587944,0.4328463549322252,0.34256595034452925,0.008805556685381391,0.012640996955931624,28.879844665527344,0.0791881034491766,0.015836956109218647,0.1742164859106623
2024-10-04,0,28.98069757121334,3.0673738290458417,17.403746976510565,0.4040614263298892,37.6002994259807,0.011125518845195534,0.4944639824144362,0.5861774345206753,0.5179528725284905,0.010534799677802855,-0.024944760174869126,28.476193155561173,0.1822240086555702,0.047537420633545935,0.17429999704077304
2024-10-11,0,32.61653664965327,1.2097117541124618,11.228935657999529,0.3327569506118948,37.89752319499414,0.012496722995399629,0.49961148778872705,0.44820250500498,0.5759246457454015,0.010258709507520242,0.005460535177354162,28.12309033530099,0.11091953762522522,0.06338211799619131,-0.15845529499047828
2024-10-18,0,52.048759314050145,40.0545626214616,27.241870892052766,0.2852195244598583,47.41558794024736,0.01124360446033363,0.4697072646076733,0.3984023681869395,0.47948996920178216,0.00965372691971687,0.0019958132858968677,27.798178672790527,0.07922681455142211,0.14261059336180182,0.06338211654663439
2024-10-25,0,50.30632403234834,86.66274497375,64.49429137549022,0.44367481022784716,48.15452024830104,0.008654023471844114,0.39444065867506595,0.4085887156921148,0.3885210605989771,0.009747839516279881,0.00900386068595612,27.82817132132394,0.06338211574683328,0.06338211574683328,-0.3169105787341806
2024-11-01,1,36.891317641561436,19.28711122146771,41.905315571996944,0.40426516042240834,42.33977877016993,0.007900446028276125,0.417092130619974,0.4369138955678688,0.22790775559975965,0.010087872494635235,-0.0065462212199378575,27.927633149283274,0.23780362251975262,0.01585435094889931,-0.1506071869537564
2024-11-08,1,42.48381273980894,25.81371252259379,43.86396818668119,0.3884124818285031,46.01953979410169,0.012827015465112761,0.5315395564275356,0.6556220867182739,0.3337886293610678,0.011881525342817284,-0.014761498780307039,28.087221009390696,0.229875620970585,0.1506105167456191,0.007926344112298978
2024-11-22,0,33.64575060240972,-1.9296974367603141,8.477250746715317,0.36463008335419644,38.87418585614105,0.012766347020108858,0.5248648042467661,0.403132759710847,0.500943812338237,0.010279029149980204,-0.017488093686374582,27.69329261779785,0.0,0.13475448755904296,-0.2298755957951535
2024-11-29,0,23.434101518155714,8.408587231357657,10.032887874139394,0.594507372506893,30.732046619004024,0.014118779904820813,0.5254311809310046,0.6239490378434803,0.7370282702692007,0.013037786551433806,-0.03665168227648428,27.11520481109619,0.13475449441697762,0.33292306421864737,-0.12682981387126802
2024-12-06,0,39.193616019300535,33.92379480814215,23.406805850620803,0.5631068640019201,38.47467941726577,0.017056551939880885,0.5362830527234088,0.5765773372560921,0.8852315997581173,0.014435381993795548,0.021193561600980106,26.526839528765,0.08724200225397638,0.015862938592899667,-0.46000192315504407
2024-12-13,0,36.74956298053175,21.011658404284724,26.137233756684687,0.46439088208889245,38.49408347699616,0.018546055678315895,0.621976503903508,0.5927316869940346,0.6679336850749945,0.015125148079896641,-0.025233338930160443,26.18189661843436,0.08006640870675241,0.00800798477414233,-0.3763164886079977
2024-12-20,0,39.18071839693352,12.713432721492936,14.646795981758785,0.3683102212491711,38.49449717736895,0.015887311186364262,0.5229331824637955,0.5261578531789232,0.7212843810100928,0.014764693250268657,0.005474160020824947,25.769615990774973,0.016014291301033268,0.0,0.35229592994813785
2024-12-27,0,32.31094902286462,0.7537500370509065,7.882873340610769,0.3603038255788782,34.83510469229522,0.014769187099379246,0.5198541568335013,0.49413028396024067,0.6447318813412427,0.014889426052768889,0.006453511408972365,25.492314202444895,0.0640554693314499,0.0,-0.2962483562474283
2025-01-03,0,21.334742630856795,-0.946563213454473,4.436527650331212,0.6409061415596646,28.936666610691375,0.013851211499768638,0.5199125329200314,0.44046286183850164,0.7417970362028886,0.015309414029971867,-0.004645911955656563,25.104806218828475,0.024034400519699517,0.0,-0.6168717410399651
2025-01-10,0,41.66327514334325,57.46726269259308,41.83409905012685,0.4726686876842301,40.674977610093016,0.01875857904143941,0.5206028852421599,0.5745271134228679,0.6894999542374751,0.017796866811713323,0.002578153533964948,24.76219231741769,0.06409061253871684,0.0721031997396615,-0.33647487540585175
2025-01-17,0,68.03313723138456,108.8925443155714,78.9468614758838,0.3845436846320105,56.05869315991718,0.019727889576507285,0.5304390451364233,0.4921249940009176,0.4926505590147586,0.017496882027329266,-0.00310852837707362,24.92982224055699,0.17625002921209543,0.1442030413145794,0.06409061410533567
2025-01-24,0,63.03751878800077,87.98184191958967,84.68153752504958,0.23232805783497668,55.763292312887124,0.01387327750895706,0.4572185926116367,0.3856885670574271,0.69849556803553,0.016556062643105884,-0.002148835059979097,25.500649043491908,0.11215773518607719,0.09613592195014675,0.024034400698752734
2025-01-31,0,74.20185607610966,93.60037879603126,91.2893638921695,0.3284656384117106,65.12941181024627,0.014101494695581343,0.4869747970697991,0.461223929960628,0.9117813802801961,0.016404746574873702,0.024090316492579558,26.218234743390763,0.05607970422208908,0.0,-0.27238593418962154
2025-02-07,0,64.94746282636606,77.10260050042768,82.11313332681763,0.6171956116810691,62.670715213945186,0.010748278729293681,0.5204257835733854,0.6425737226307656,0.8525478807677097,0.015104661660641052,0.0017574948696404036,26.741169248308456,0.14427835793086174,0.17634208382965966,-0.29657516992054767
2025-02-14,0,66.91866671045412,78.06931364895851,78.08580471495986,0.681319665393822,64.30936005027303,0.014138815493904751,0.5823392223642168,0.6801747624112287,0.5919831615981114,0.015616793080408996,0.005328685798176742,27.186338833400182,0.10420121784373038,0.04007881447445527,0.5370396330756364
2025-02-21,0,51.57899105499055,51.85694843227347,64.68708236425286,0.22672985176171778,57.07602370870796,0.01271925128462817,0.5511376999132184,0.41064973439348557,0.4942960213575943,0.013182456607294543,-0.0027400840261241175,27.46856348855155,0.033589542414947715,0.13435816965979086,-0.05878213968697921
2025-02-28,1,31.70572164395449,2.2554047526884915,34.18305884394746,0.8145460955332844,45.679019774504155,0.013685575357142708,0.48731780770844374,0.4450620499609807,0.3353052594824482,0.012111524621703047,-0.0009158936045768155,27.496451922825404,0.142755138012312,0.0,-0.6717909575209724
2025-03-07,1,51.976953070302244,25.854605964524623,33.85604251096579,0.5629382070829365,54.052183321120346,0.01172613348165519,0.4785151115349266,0.508482193649162,0.285390416755396,0.012250410896818319,0.0018502426371189143,27.493569374084473,0.2688667197422703,0.10922771086388394,0.1848437764767823
2025-03-14,0,78.92047028108252,103.29122011325892,73.06909403350019,1.025048568616345,69.28945487110636,0.013308417490967353,0.5236759284404163,0.5713388391446149,0.414278274414154,0.013232768456084953,0.01607796215822338,27.52279131753104,0.20164872535228895,0.05881465226552862,0.7645851909985275
2025-03-21,0,76.79028942826419,95.67152505168065,86.94414009455292,0.2957514292234862,71.76341300520916,0.014864508676371443,0.5770467745639044,0.6299135384600751,1.0424224025460749,0.013277880269949456,-0.009308107953525895,28.342074121747697,0.13863149927874474,0.12015011988302149,0.036969810061719954
2025-03-28,0,51.4639414246229,64.97055373416194,75.5180031142969,0.6192302522188093,60.24429192276682,0.013878462200966247,0.5490132770775943,0.4911588349145554,1.1772128790121899,0.01235341852658495,0.0012456289958657134,29.200921331133163,0.14787572326261156,0.20333044159934488,-0.2680240873568529
2025-04-04,0,40.191518226577415,8.968474722718952,39.70448499376296,0.7675372023727114,50.66424884014952,0.010803483743485467,0.5455880006032354,0.6102195260156746,0.9065650577074538,0.01294477449462962,0.0176716536702528,29.49864605494908,0.14795885126640584,0.21269062821937723,-0.4068877228869283
2025-04-11,1,58.01468806944793,50.2450690983063,45.5102914551466,0.6380736693789082,58.19733149995021,0.011839394038078052,0.7277974479128374,0.9458811154404866,0.3918057782112941,0.013114490905644111,-0.004099131617261066,29.277402060372488,0.29591947603987023,0.29591771223117647,0.04623648110786149
2025-04-25,0,85.19317669821028,103.4918150813746,92.90769474679205,0.4346307147799031,77.39021089414203,0.013087812643427938,0.7364926728572672,0.5799469000002223,1.0133963641229784,0.013063491067399943,0.019175478600549085,30.13013253893171,0.20344476481061946,0.11096826825231787,-0.12021768171696579
2025-05-02,0,86.37408573476101,99.54473276415104,95.9510601954012,0.860438877878444,80.0399178059143,0.008972494572967274,0.6242328632561723,0.626244886658432,1.468178418323771,0.010992997288022919,0.008750940915343836,31.18682493482317,0.1942917390387322,0.6198841758003013,0.046262963039410465
2025-05-09,0,84.81331881508618,91.33148134195028,88.4821372376164,1.3507951398039566,80.17559025299897,0.016494011592884425,0.705627178280177,0.8101704794524832,1.5171691444580873,0.014741559622113041,0.007958971877183226,32.240894181387766,0.018504478138616776,0.5643742304386095,0.7679164312267304
2025-05-16,0,79.57107771197518,99.61534367600305,93.2214718319984,0.5828785924079511,76.90723392128501,0.017084403655908586,0.7182942929037149,0.8538303574095839,1.4717322851509467,0.014612321546694786,0.013358669310544465,33.341497966221404,0.0925188428854895,0.28681405993322784,0.2035456895892338
2025-05-23,0,62.806487845275065,71.10518553384458,80.28677180276088,1.2582761112361425,67.64884485033807,0.01775978534982383,0.7824571004582547,0.7480933444784758,1.2409230647657152,0.014279574962729982,-0.006952070416779714,34.205405371529714,0.0,0.22204664941352092,1.0362294618226215
2025-05-30,0,51.10655000893796,41.84808167040842,62.08881890510587,0.582878807843052,61.360601720038275,0.010025483353876243,0.6635026858681314,0.6846501614535195,1.0957192443132067,0.01429056115087951,-0.007970296770361608,34.858334405081614,0.08326840112043499,0.31456912319176666,-0.18504128353085036
2025-06-06,0,34.280243001864335,-5.7360282891624905,22.952069949695613,0.41653837743530886,50.969603741525574,0.008191175281225422,0.6325291216584097,0.5328272554818838,0.5045661438256454,0.013742572225415478,-0.012256742269482942,34.60964693341936,0.15735698090134065,0.1573605119349395,0.10182088459902872
2025-06-13,0,40.65833292227848,26.346797689560177,26.801682263407432,0.41105391066949437,49.720617513666305,0.007076599856752605,0.596109226857359,0.6330238409160286,0.5845037721195692,0.013875729324611891,0.007677157966950574,34.23367554800851,0.1681592279449191,0.24289468272457526,0.0
2025-06-20,0,50.2547442843392,75.03106278812326,56.7354386137073,0.26157943945815276,53.67465008445958,0.008571617863477161,0.5757053258551385,0.600568080252996,0.46026622986224724,0.013689602360235432,-0.005955419296712893,34.09988648550851,0.02802535029834985,0.12144912421381804,0.11210496494598488
2025-06-27,1,41.452078560307655,35.741640981728594,47.600891922532256,0.3923727426889769,48.123649945551875,0.010678759916993153,0.6134484565912268,0.5525233999598201,0.3437849909349446,0.009572426304675639,-0.007408705691931912,34.13132095336914,0.08407961887958493,0.05605426717064432,0.2522388566387477
2025-07-04,0,67.72869680681494,96.26305075616435,76.39924719996955,0.3832115716671254,61.868237683061864,0.012596533311613279,0.6039846551195117,0.607400063965521,0.4701442993663866,0.010272509060255435,0.0244274917706522,34.47801235743931,0.243014303274947,0.11215852780480873,0.02803874058736966
2025-07-11,0,23.66940966720098,-11.365589848199562,25.850395543639568,0.43929267220857326,35.56024054011719,0.015915378942597046,0.6648219261114464,0.6662806782389014,0.6321505033413443,0.01215739287346131,-0.031278710194025394,34.286261967250276,0.046732428532543224,0.21497202361430823,-0.1775882200617218
2025-07-18,0,35.493473288948195,15.681084154148223,21.57494202848384,0.6823033654142137,39.764729050472575,0.014571969827133803,0.5961812742557642,0.6008546193001355,0.8761464670221616,0.01280528327870251,0.014948966372486584,33.794066837855745,0.28040167151587525,0.07477116440363574,-0.32713052949470267
2025-07-25,0,43.935380882733206,21.797316762668743,21.854754881429976,0.4299476095252288,43.64575044100907,0.01363656177753432,0.5901734419975122,0.5901740599238445,0.939379924206022,0.013270956631048178,-0.009368256349587207,33.097744532993865,0.26170801567964475,0.0,0.16823959384558407
2025-08-01,0,44.36156025161226,60.9205742707957,43.605545151253935,0.95383174220499,43.62245844444235,0.011782533610821436,0.6396109816797656,0.6957240193250261,0.8247224564134465,0.013355182725066514,0.002563187401799177,32.810506275721956,0.1496210151739561,0.17767384075457926,-0.6265368862764547
2025-08-08,0,77.5899398518027,107.25220336312151,80.20940311543711,0.37405431469553463,63.23943312317963,0.01137788066214767,0.7305491733145644,0.7828003874220195,0.5994941506399222,0.013432693865241424,0.01755391578264112,33.1143308367048,0.11221843475644988,0.037406144918818995,0.22442973502026575
2025-08-15,0,68.63859531047224,86.30464050900633,84.41988142954648,0.4488665659995803,62.86307443391864,0.00878041655200023,0.7086290871751524,0.6158518012170232,1.0796709865438843,0.012838231309301732,-0.001328093253616744,33.98453113010952,0.31794507002285854,0.13092149597672176,0.0
2025-08-22,0,65.6017372300179,67.00817215614072,70.11913362477213,0.9725448420888512,61.51197799873714,0.014026744906866137,0.7361095359308624,0.7054099586654904,1.1024895579386307,0.01259384722420751,0.0011003174914482787,34.68623406546457,0.028325429758332632,0.10386471166214761,0.8403547006683709
2025-08-29,0,74.76968314167017,94.41752622237459,81.46414452714976,0.31159409686685535,67.4550604779919,0.014850751012171181,0.6963850228342956,0.6906302338647714,0.9499832532387498,0.012633896395944498,0.020548698482730242,35.186685017177034,0.15107494341432215,0.14163433528689495,0.01888481816563825
2025-09-05,0,63.248216671858636,70.32019368905299,72.83389844386318,0.6895958799257116,62.062671027460695,0.015044934104289009,0.735547190174703,0.7121300998689719,0.6870592601301415,0.012725176235964267,0.0039613139519552,35.478206634521484,0.4345392771756664,0.21726963858783677,0.03778696416220839
2025-09-12,0,39.559211487339276,32.644637223932946,52.08324774078733,0.4723262498822578,50.25547576403424,0.01128999995384323,0.6927145288730665,0.6788009685182063,0.6750703071206287,0.012420569463539604,0.001846294205731832,35.86444745744978,0.03778336128247162,0.11336089453732257,-0.3211819940624636
2025-09-19,1,71.27067885113404,93.97444201245877,72.13703434962187,0.5195581858424703,64.56462441725424,0.010698918082498114,0.6605823697693504,0.6518112061626675,0.4923296287318399,0.01239873734562238,0.0013000145291252171,35.98316437857492,0.0,0.04723190715594683,0.47232627868652344
